Job Title,Company,Location,Link,Source Company
Junior CAD Designer,Red Canyon Engineering & Software,"Orlando, FL",https://www.linkedin.com/jobs/view/junior-cad-designer-at-red-canyon-engineering-software-4145154707?position=3&pageNum=0&refId=frhc1Kd%2BG6Vzm%2FXAd5EHrw%3D%3D&trackingId=LNSkgaHsQU12PVck4M3f9A%3D%3D,Maxar Aerospace
Propulsion Test Engineer I,Relativity Space,"Mississippi, United States",https://www.linkedin.com/jobs/view/propulsion-test-engineer-i-at-relativity-space-4181493708?position=2&pageNum=0&refId=2NYJTq5UrSuktg5ztieC3g%3D%3D&trackingId=9tL%2FTJec164OYy%2BEpIyWDg%3D%3D,Relativity Space
Loads & Dynamics Engineer I,Relativity Space,"Long Beach, CA",https://www.linkedin.com/jobs/view/loads-dynamics-engineer-i-at-relativity-space-4173382288?position=3&pageNum=0&refId=2NYJTq5UrSuktg5ztieC3g%3D%3D&trackingId=SW5%2BdqWre3ssopA4t0yiag%3D%3D,Relativity Space
Structures Engineer I,Relativity Space,"Long Beach, CA",https://www.linkedin.com/jobs/view/structures-engineer-i-at-relativity-space-4170325219?position=9&pageNum=0&refId=2NYJTq5UrSuktg5ztieC3g%3D%3D&trackingId=%2FjhnQYTcpahZ1cXCZf1t8A%3D%3D,Relativity Space
Engine Systems Design & Analysis Team- Propulsion Design Engineer I,Relativity Space,"Long Beach, CA",https://www.linkedin.com/jobs/view/engine-systems-design-analysis-team-propulsion-design-engineer-i-at-relativity-space-4181738564?position=17&pageNum=0&refId=2NYJTq5UrSuktg5ztieC3g%3D%3D&trackingId=HPwQ38o6057%2B1qxD%2B62MPw%3D%3D,Relativity Space
Engine Systems & Test Team- Propulsion Test Responsible Engineer I,Relativity Space,"Long Beach, CA",https://www.linkedin.com/jobs/view/engine-systems-test-team-propulsion-test-responsible-engineer-i-at-relativity-space-4138705396?position=27&pageNum=0&refId=2NYJTq5UrSuktg5ztieC3g%3D%3D&trackingId=Weau4kb9XO4TqBOd4%2FWZ2Q%3D%3D,Relativity Space
Mission Integration Engineer,PSC by Rocket Lab,"Long Beach, CA",https://www.linkedin.com/jobs/view/mission-integration-engineer-at-psc-by-rocket-lab-4190266562?position=10&pageNum=0&refId=HkVG8ldKBWfkFjHeYGKLyA%3D%3D&trackingId=4OMY3V9PkWK4YbOANkDIyw%3D%3D,Rocket Lab
Mission Integration Engineer,Rocket Lab,"Long Beach, CA",https://www.linkedin.com/jobs/view/mission-integration-engineer-at-rocket-lab-4191877881?position=21&pageNum=0&refId=HkVG8ldKBWfkFjHeYGKLyA%3D%3D&trackingId=oAOZiySfD2nXEWE9CrjPWA%3D%3D,Rocket Lab
Aerospace Engineering - Assistant Professor,California State Polytechnic University-Pomona,"Pomona, CA",https://www.linkedin.com/jobs/view/aerospace-engineering-assistant-professor-at-california-state-polytechnic-university-pomona-4001994903?position=43&pageNum=0&refId=HkVG8ldKBWfkFjHeYGKLyA%3D%3D&trackingId=YSxUGzErXBSiGTTkSrKYMQ%3D%3D,Rocket Lab
Mission Integration Coordinator,a.i. solutions,"Merritt Island, FL",https://www.linkedin.com/jobs/view/mission-integration-coordinator-at-a-i-solutions-4174776453?position=2&pageNum=0&refId=IbzWGR8FPmQyZ06kOd679Q%3D%3D&trackingId=XQw%2FHMMr0VXlcgtEmBu3BQ%3D%3D,a.i. solutions
Junior Product Analyst,Hippocratic AI,"Palo Alto, CA",https://www.linkedin.com/jobs/view/junior-product-analyst-at-hippocratic-ai-4169754524?position=14&pageNum=0&refId=IbzWGR8FPmQyZ06kOd679Q%3D%3D&trackingId=MWXfJPLEuX3iFBO5jtk1vg%3D%3D,a.i. solutions
Junior Python Engineer - Healthcare AI,Nao Medical,"Arkansas, United States",https://www.linkedin.com/jobs/view/junior-python-engineer-healthcare-ai-at-nao-medical-4164192526?position=18&pageNum=0&refId=IbzWGR8FPmQyZ06kOd679Q%3D%3D&trackingId=T0Ld6Nl%2FeCrbWKFxutK4ag%3D%3D,a.i. solutions
Junior AI Engineer,Q-Centrix,"Chicago, IL",https://www.linkedin.com/jobs/view/junior-ai-engineer-at-q-centrix-4158297234?position=53&pageNum=0&refId=IbzWGR8FPmQyZ06kOd679Q%3D%3D&trackingId=TYkeQxcCUzbqnSpZlE1XOw%3D%3D,a.i. solutions
Associate Test Engineer,AST SpaceMobile,"Midland, TX",https://www.linkedin.com/jobs/view/associate-test-engineer-at-ast-spacemobile-4103539116?position=5&pageNum=0&refId=jWIO8htklF8U6CEMyn7KBw%3D%3D&trackingId=1pzRKA78p%2BUenqDUeykRiA%3D%3D,AST SpaceMobile
Accounts Payable Associate I,Blue Origin,"Seattle, WA",https://www.linkedin.com/jobs/view/accounts-payable-associate-i-at-blue-origin-4044230877?position=1&pageNum=0&refId=I%2FIzUkZ4whOZ1bOUYtJvKw%3D%3D&trackingId=O5Lx0AwbovyPMBa8BzVutg%3D%3D,Blue Origin
Transporter Spacecraft Project Engineer,Blue Origin,"Merritt Island, FL",https://www.linkedin.com/jobs/view/transporter-spacecraft-project-engineer-at-blue-origin-4136202528?position=28&pageNum=0&refId=I%2FIzUkZ4whOZ1bOUYtJvKw%3D%3D&trackingId=hSPenhvRgEZfMI6IGkG1XA%3D%3D,Blue Origin
(Early Career) Precision Aerospace Metallics Assembler,Blue Origin,"Huntsville, AL",https://www.linkedin.com/jobs/view/early-career-precision-aerospace-metallics-assembler-at-blue-origin-4190805412?position=46&pageNum=0&refId=I%2FIzUkZ4whOZ1bOUYtJvKw%3D%3D&trackingId=7cIeMZ%2FCDz%2FP%2Bnd%2FktNhsA%3D%3D,Blue Origin
Front Office Associate,"Nystrom & Associates, Ltd.","Crystal, MN",https://www.linkedin.com/jobs/view/front-office-associate-at-nystrom-associates-ltd-4169593860?position=2&pageNum=0&refId=hwwJydDNimYcRVnOCMnkfA%3D%3D&trackingId=NN%2F%2BEIyIrRkC8rSDx%2BV3oA%3D%3D,Capella Space
Front Office Associate,"Nystrom & Associates, Ltd.","Rochester, MN",https://www.linkedin.com/jobs/view/front-office-associate-at-nystrom-associates-ltd-4169595615?position=3&pageNum=0&refId=hwwJydDNimYcRVnOCMnkfA%3D%3D&trackingId=X1tUwRapOU88LqBCxkf7GQ%3D%3D,Capella Space
Front Office Associate,"Nystrom & Associates, Ltd.","Edina, MN",https://www.linkedin.com/jobs/view/front-office-associate-at-nystrom-associates-ltd-4185425889?position=5&pageNum=0&refId=hwwJydDNimYcRVnOCMnkfA%3D%3D&trackingId=OJ1r0YZRmFZxQv3SoPTfhA%3D%3D,Capella Space
Front Office Associate,"Nystrom & Associates, Ltd.","St Louis Park, MN",https://www.linkedin.com/jobs/view/front-office-associate-at-nystrom-associates-ltd-4185428412?position=6&pageNum=0&refId=hwwJydDNimYcRVnOCMnkfA%3D%3D&trackingId=QwXSLzHdBzygBXxNTXqoMQ%3D%3D,Capella Space
Front Office Associate,"Nystrom & Associates, Ltd.","Madison, WI",https://www.linkedin.com/jobs/view/front-office-associate-at-nystrom-associates-ltd-4176991362?position=7&pageNum=0&refId=hwwJydDNimYcRVnOCMnkfA%3D%3D&trackingId=ECNRyjjoztgmR2nxcBl1iA%3D%3D,Capella Space
Front Office Associate,"Nystrom & Associates, Ltd.","La Crosse, WI",https://www.linkedin.com/jobs/view/front-office-associate-at-nystrom-associates-ltd-4169598063?position=8&pageNum=0&refId=hwwJydDNimYcRVnOCMnkfA%3D%3D&trackingId=XmG%2F%2BbMfotWkGNngBQe51w%3D%3D,Capella Space
Front Office Associate,"Nystrom & Associates, Ltd.","Green Bay, WI",https://www.linkedin.com/jobs/view/front-office-associate-at-nystrom-associates-ltd-4169594721?position=9&pageNum=0&refId=hwwJydDNimYcRVnOCMnkfA%3D%3D&trackingId=HEEoswhQ2MJ%2FtYiLQITU%2Fg%3D%3D,Capella Space
Front Office Associate,"Nystrom & Associates, Ltd.","Coon Rapids, MN",https://www.linkedin.com/jobs/view/front-office-associate-at-nystrom-associates-ltd-4169593874?position=10&pageNum=0&refId=hwwJydDNimYcRVnOCMnkfA%3D%3D&trackingId=mxBrhhNwq00m59tr%2F05alQ%3D%3D,Capella Space
Front Office Associate,"Nystrom & Associates, Ltd.","Chaska, MN",https://www.linkedin.com/jobs/view/front-office-associate-at-nystrom-associates-ltd-4182450957?position=11&pageNum=0&refId=hwwJydDNimYcRVnOCMnkfA%3D%3D&trackingId=0n0pcrYI1CiMtyf12QtYfg%3D%3D,Capella Space
Front Office Associate,"Nystrom & Associates, Ltd.","Lakeville, MN",https://www.linkedin.com/jobs/view/front-office-associate-at-nystrom-associates-ltd-4186486077?position=12&pageNum=0&refId=hwwJydDNimYcRVnOCMnkfA%3D%3D&trackingId=w02zFXsUGNbwMYjgemAogA%3D%3D,Capella Space
Front Office Associate,"Nystrom & Associates, Ltd.","Red Wing, MN",https://www.linkedin.com/jobs/view/front-office-associate-at-nystrom-associates-ltd-4169594713?position=13&pageNum=0&refId=hwwJydDNimYcRVnOCMnkfA%3D%3D&trackingId=D9xB7HJ6v9Zsio9scq3fCA%3D%3D,Capella Space
Front Office Associate,"Nystrom & Associates, Ltd.","Eau Claire, WI",https://www.linkedin.com/jobs/view/front-office-associate-at-nystrom-associates-ltd-4169593859?position=15&pageNum=0&refId=hwwJydDNimYcRVnOCMnkfA%3D%3D&trackingId=mAR48mr5paE6Dv%2F8DqAk%2BA%3D%3D,Capella Space
Front Office Associate,"Nystrom & Associates, Ltd.","Blaine, MN",https://www.linkedin.com/jobs/view/front-office-associate-at-nystrom-associates-ltd-4182536967?position=16&pageNum=0&refId=hwwJydDNimYcRVnOCMnkfA%3D%3D&trackingId=rcd9C0OqP3mtbwyfpC1zNQ%3D%3D,Capella Space
Front Office Associate,"Nystrom & Associates, Ltd.","Fergus Falls, MN",https://www.linkedin.com/jobs/view/front-office-associate-at-nystrom-associates-ltd-4185431072?position=18&pageNum=0&refId=hwwJydDNimYcRVnOCMnkfA%3D%3D&trackingId=iEpmtVpz9n8tDanQV04ldw%3D%3D,Capella Space
Billing Accountant Associate,Lockheed Martin,"Lakeland, FL",https://www.linkedin.com/jobs/view/billing-accountant-associate-at-lockheed-martin-4191621873?position=4&pageNum=0&refId=eOLv2meANqxKjyNBZcovRg%3D%3D&trackingId=%2BpRv3r6o2%2F6W%2BdbZQoWefA%3D%3D,Lockheed Martin
Systems Engineer â€“ Early Career,Lockheed Martin,Erie-Meadville Area,https://www.linkedin.com/jobs/view/systems-engineer-%E2%80%93-early-career-at-lockheed-martin-4185936579?position=6&pageNum=0&refId=eOLv2meANqxKjyNBZcovRg%3D%3D&trackingId=VvOopwovJIwrSdD9sx%2FVlg%3D%3D,Lockheed Martin
Systems Engineer - MBSE Early Career,Lockheed Martin,Erie-Meadville Area,https://www.linkedin.com/jobs/view/systems-engineer-mbse-early-career-at-lockheed-martin-4177809050?position=12&pageNum=0&refId=eOLv2meANqxKjyNBZcovRg%3D%3D&trackingId=3X9kGSAHjHgD0pRc5O82MQ%3D%3D,Lockheed Martin
Integrated Program Planner - Early Career,Lockheed Martin,"Moorestown, NJ",https://www.linkedin.com/jobs/view/integrated-program-planner-early-career-at-lockheed-martin-4192786434?position=13&pageNum=0&refId=eOLv2meANqxKjyNBZcovRg%3D%3D&trackingId=h733jQwJXjfP%2FUnBeEpc7Q%3D%3D,Lockheed Martin
Systems Engineer - Early Career,Lockheed Martin,Erie-Meadville Area,https://www.linkedin.com/jobs/view/systems-engineer-early-career-at-lockheed-martin-4177802769?position=22&pageNum=0&refId=eOLv2meANqxKjyNBZcovRg%3D%3D&trackingId=kobrnm16%2F2%2Bm5ZNUBYXCjQ%3D%3D,Lockheed Martin
Aircraft Assembler - 1st Shift,Lockheed Martin,"Pinellas Park, FL",https://www.linkedin.com/jobs/view/aircraft-assembler-1st-shift-at-lockheed-martin-4130698319?position=31&pageNum=0&refId=eOLv2meANqxKjyNBZcovRg%3D%3D&trackingId=U%2FShJ7HFP7lMFVzGYJ%2Fq7A%3D%3D,Lockheed Martin
Subcontract Administrator - Early Career,Lockheed Martin,"Englewood, CO",https://www.linkedin.com/jobs/view/subcontract-administrator-early-career-at-lockheed-martin-4177894537?position=34&pageNum=0&refId=eOLv2meANqxKjyNBZcovRg%3D%3D&trackingId=nzmOp7FZfHVEo47bDoT1tA%3D%3D,Lockheed Martin
"System Integration and Test Engineer, Early Career",Lockheed Martin,"Titusville, FL",https://www.linkedin.com/jobs/view/system-integration-and-test-engineer-early-career-at-lockheed-martin-4191133264?position=58&pageNum=0&refId=eOLv2meANqxKjyNBZcovRg%3D%3D&trackingId=iEd8pIZyqDpzcnyqljUZDg%3D%3D,Lockheed Martin
Flight Simulator System Integration & Test Engineer Associate,Lockheed Martin,Greater Orlando,https://www.linkedin.com/jobs/view/flight-simulator-system-integration-test-engineer-associate-at-lockheed-martin-4185695593?position=8&pageNum=17&refId=0Q15WuRlC5GtAsIxQcPrrQ%3D%3D&trackingId=wyfQHrqM4%2B2wHBpO40sQrQ%3D%3D,Lockheed Martin
Configuration Analyst Associate,Lockheed Martin,"Archbald, PA",https://www.linkedin.com/jobs/view/configuration-analyst-associate-at-lockheed-martin-4153897134?position=9&pageNum=17&refId=0Q15WuRlC5GtAsIxQcPrrQ%3D%3D&trackingId=dgoRl3eJHNg44GGPlhB2cA%3D%3D,Lockheed Martin
Flight Simulation / System Administrator / TMAP / J-NEEO / Nellis AFB,Lockheed Martin,"Nellis AFB, NV",https://www.linkedin.com/jobs/view/flight-simulation-system-administrator-tmap-j-neeo-nellis-afb-at-lockheed-martin-4133452968?position=7&pageNum=22&refId=iBanNnQyNWjlVS%2B9D3I0ng%3D%3D&trackingId=TQ5DTZdL7QdSKKQzok1bFA%3D%3D,Lockheed Martin
WIRE HARNESS DESIGN ENGINEER,The Marvin Group,"Inglewood, CA",https://www.linkedin.com/jobs/view/wire-harness-design-engineer-at-the-marvin-group-4159326355?position=8&pageNum=27&refId=DKqn6S679xO9LgLDUbfE%2Bw%3D%3D&trackingId=L3cbamj%2F8sq1Zozwsi41Dg%3D%3D,Lockheed Martin
Aircraft Engineer,Western Global Airlines,"Estero, FL",https://www.linkedin.com/jobs/view/aircraft-engineer-at-western-global-airlines-4028063311?position=22&pageNum=0&refId=n1ShT5mRVhfKZSqXPJ2LgQ%3D%3D&trackingId=u%2FnSCl76iOw4E5MtvZbOug%3D%3D,Boeing
Structural Mechanical Designer,"SixAxis, LLC","Greenville, SC",https://www.linkedin.com/jobs/view/structural-mechanical-designer-at-sixaxis-llc-4181357026?position=27&pageNum=0&refId=n1ShT5mRVhfKZSqXPJ2LgQ%3D%3D&trackingId=4CanPOXN0ip5r5JZFe5G5A%3D%3D,Boeing
ATLO Engineer - Early Career,"Millennium Space Systems, A Boeing Company","El Segundo, CA",https://www.linkedin.com/jobs/view/atlo-engineer-early-career-at-millennium-space-systems-a-boeing-company-4175578934?position=31&pageNum=0&refId=n1ShT5mRVhfKZSqXPJ2LgQ%3D%3D&trackingId=E2c%2FG82snDg3pPm9Jh6CjQ%3D%3D,Boeing
Structures Mechanic - 1st Shift,HAECO,"Greensboro, NC",https://www.linkedin.com/jobs/view/structures-mechanic-1st-shift-at-haeco-4173523875?position=33&pageNum=0&refId=n1ShT5mRVhfKZSqXPJ2LgQ%3D%3D&trackingId=OjW4dedGtcJYQHIPMWZ6LA%3D%3D,Boeing
Engineer - Flight Operations Engineering and Analysis (Remote),United Airlines,"Chicago, IL",https://www.linkedin.com/jobs/view/engineer-flight-operations-engineering-and-analysis-remote-at-united-airlines-4195803425?position=36&pageNum=0&refId=n1ShT5mRVhfKZSqXPJ2LgQ%3D%3D&trackingId=am%2FyPL%2FDRhAuL%2FXy0W9H6g%3D%3D,Boeing
Flight Dispatcher,Northern Air Cargo,"Anchorage, AK",https://www.linkedin.com/jobs/view/flight-dispatcher-at-northern-air-cargo-4143850280?position=38&pageNum=0&refId=n1ShT5mRVhfKZSqXPJ2LgQ%3D%3D&trackingId=pI%2BGDqSgXha8BREuYzDSvg%3D%3D,Boeing
Financial Analyst (Early Career),"Millennium Space Systems, A Boeing Company","El Segundo, CA",https://www.linkedin.com/jobs/view/financial-analyst-early-career-at-millennium-space-systems-a-boeing-company-4159051703?position=40&pageNum=0&refId=n1ShT5mRVhfKZSqXPJ2LgQ%3D%3D&trackingId=keANVrCLnu%2Fe%2FW3E4kOxRQ%3D%3D,Boeing
Spacecraft Thermal Engineer,"Millennium Space Systems, A Boeing Company","El Segundo, CA",https://www.linkedin.com/jobs/view/spacecraft-thermal-engineer-at-millennium-space-systems-a-boeing-company-4184546407?position=56&pageNum=0&refId=n1ShT5mRVhfKZSqXPJ2LgQ%3D%3D&trackingId=jqzWOb4F39juvO2b1VECbQ%3D%3D,Boeing
Structures Mech. (LCQ-Maint) 1st Shift,HAECO,"Lake City, FL",https://www.linkedin.com/jobs/view/structures-mech-lcq-maint-1st-shift-at-haeco-4171582147?position=6&pageNum=7&refId=Wd25GdF9G95ykHjKF3HaWw%3D%3D&trackingId=rhI12RS0Q%2BkZuNC%2FJvONUw%3D%3D,Boeing
Integration Engineer I,Firefly Aerospace,"Bertram, TX",https://www.linkedin.com/jobs/view/integration-engineer-i-at-firefly-aerospace-4190969610?position=1&pageNum=0&refId=NomKxoyLtgOXwfD1RYtLBA%3D%3D&trackingId=Y4sFZ%2FI4QM21RUTSEsZ7pA%3D%3D,Firefly Aerospace
Assistant or Associate Professor - Aerospace Engineering,University of Houston,"Houston, TX",https://www.linkedin.com/jobs/view/assistant-or-associate-professor-aerospace-engineering-at-university-of-houston-4125170813?position=6&pageNum=0&refId=XTttHJMpnRi%2BM8jwpaErPg%3D%3D&trackingId=05MxUMVem8Ci%2BHHn%2FprzmA%3D%3D,Frontier Aerospace
Propulsion Test Engineer,Impulse Space,"Redondo Beach, CA",https://www.linkedin.com/jobs/view/propulsion-test-engineer-at-impulse-space-4132528794?position=1&pageNum=0&refId=qlChwD%2Bbs%2FOzXf75i8hSZA%3D%3D&trackingId=5%2FGJkRvl5R1Ijru8G%2FgExw%3D%3D,Impulse Space
Junior Commercial Leasing Associate,Benderson Development,"Buffalo, NY",https://www.linkedin.com/jobs/view/junior-commercial-leasing-associate-at-benderson-development-3974711917?position=6&pageNum=0&refId=qlChwD%2Bbs%2FOzXf75i8hSZA%3D%3D&trackingId=gGcGW40rtkR6VvMxwTB3dw%3D%3D,Impulse Space
Lower School Special Education Associate Teacher,The Quad Preparatory School,"New York, NY",https://www.linkedin.com/jobs/view/lower-school-special-education-associate-teacher-at-the-quad-preparatory-school-4175583745?position=8&pageNum=0&refId=qlChwD%2Bbs%2FOzXf75i8hSZA%3D%3D&trackingId=G%2BtbH%2FzClhOBT1UbZequcA%3D%3D,Impulse Space
Junior CSM,CloudEagle.ai,"Palo Alto, CA",https://www.linkedin.com/jobs/view/junior-csm-at-cloudeagle-ai-4185450076?position=1&pageNum=0&refId=gWWN%2Ft1r44%2FM239tMTIE0w%3D%3D&trackingId=WsWwj8TW2PCUVAPEv2SSCA%3D%3D,ICEYE
Postdoc: Chip-Scale Photonics for Space Telescope Metrology Lasers,NASA Jet Propulsion Laboratory,"Pasadena, CA",https://www.linkedin.com/jobs/view/postdoc-chip-scale-photonics-for-space-telescope-metrology-lasers-at-nasa-jet-propulsion-laboratory-4139292967?position=16&pageNum=0&refId=Ggjmk7Qk7UtRzvgq5api2Q%3D%3D&trackingId=dgAu7zX9qXvm7QoJMAOTdQ%3D%3D,JPL
Postdoc: Pulsar/FRB Astrophysics,NASA Jet Propulsion Laboratory,"Pasadena, CA",https://www.linkedin.com/jobs/view/postdoc-pulsar-frb-astrophysics-at-nasa-jet-propulsion-laboratory-3386019463?position=18&pageNum=0&refId=Ggjmk7Qk7UtRzvgq5api2Q%3D%3D&trackingId=6M0zaawoiW2O9WNFdA7tRw%3D%3D,JPL
Space Systems Engineer,QinetiQ US (formerly Avantus Federal),"Chantilly, VA",https://www.linkedin.com/jobs/view/space-systems-engineer-at-qinetiq-us-formerly-avantus-federal-4173402866?position=1&pageNum=0&refId=0oXaiM6WU%2FyoqKmy5%2FudqA%3D%3D&trackingId=x5k1%2FwUHOC8CL9OF8HBs2A%3D%3D,In-Space Missions Aerospace
Propulsion Engineer,Phase Four,"Los Angeles, CA",https://www.linkedin.com/jobs/view/propulsion-engineer-at-phase-four-4188254053?position=2&pageNum=0&refId=0oXaiM6WU%2FyoqKmy5%2FudqA%3D%3D&trackingId=bJHyyzB6B2MUw0%2BmzYmZBA%3D%3D,In-Space Missions Aerospace
Aerospace Systems Analyst,"Sierra Lobo, Inc.","Edwards, CA",https://www.linkedin.com/jobs/view/aerospace-systems-analyst-at-sierra-lobo-inc-4120235763?position=7&pageNum=0&refId=0oXaiM6WU%2FyoqKmy5%2FudqA%3D%3D&trackingId=zlLRRpkJtaBNUefKGRj0rA%3D%3D,In-Space Missions Aerospace
Mission Integration Engineer (Starshield),SpaceX,"Hawthorne, CA",https://www.linkedin.com/jobs/view/mission-integration-engineer-starshield-at-spacex-4174546220?position=11&pageNum=0&refId=0oXaiM6WU%2FyoqKmy5%2FudqA%3D%3D&trackingId=p2zrTvpfqLu79g6FkNTqzQ%3D%3D,In-Space Missions Aerospace
Propulsion Design and Structural Engineer,"Parabilis Space Technologies, Inc.","San Marcos, CA",https://www.linkedin.com/jobs/view/propulsion-design-and-structural-engineer-at-parabilis-space-technologies-inc-4138531140?position=12&pageNum=0&refId=0oXaiM6WU%2FyoqKmy5%2FudqA%3D%3D&trackingId=UM1SGZX563NR58ef9wVN8Q%3D%3D,In-Space Missions Aerospace
AERONAUTICAL ENGINEER,Space Systems Command,"Beale Air Force Base, CA",https://www.linkedin.com/jobs/view/aeronautical-engineer-at-space-systems-command-3942987945?position=15&pageNum=0&refId=0oXaiM6WU%2FyoqKmy5%2FudqA%3D%3D&trackingId=q13djprqQMbCrjoDo%2BqLaQ%3D%3D,In-Space Missions Aerospace
Space Systems Engineer,QinetiQ US,"Chantilly, VA",https://www.linkedin.com/jobs/view/space-systems-engineer-at-qinetiq-us-4172372869?position=39&pageNum=0&refId=0oXaiM6WU%2FyoqKmy5%2FudqA%3D%3D&trackingId=TYWhKVYcg3uwp6x8cJUuow%3D%3D,In-Space Missions Aerospace
ASTRONAUTICAL ENGINEER,Space Systems Command,"Beale Air Force Base, CA",https://www.linkedin.com/jobs/view/astronautical-engineer-at-space-systems-command-3917003278?position=44&pageNum=0&refId=0oXaiM6WU%2FyoqKmy5%2FudqA%3D%3D&trackingId=40mnQaO0uNRzw0w4H4BWxw%3D%3D,In-Space Missions Aerospace
"Tenure-Track Assistant/Associate Professor, College of Engineering, Department of Aerospace Engineering",Penn State University,"University Park, PA",https://www.linkedin.com/jobs/view/tenure-track-assistant-associate-professor-college-of-engineering-department-of-aerospace-engineering-at-penn-state-university-4044732621?position=48&pageNum=0&refId=0oXaiM6WU%2FyoqKmy5%2FudqA%3D%3D&trackingId=gazl8%2BE03hS%2FD8LENYj5zQ%3D%3D,In-Space Missions Aerospace
ISS Mission Operations Planning Flight Controller (OPS PLAN),Barrios Technology,"Houston, TX",https://www.linkedin.com/jobs/view/iss-mission-operations-planning-flight-controller-ops-plan-at-barrios-technology-4139771648?position=51&pageNum=0&refId=0oXaiM6WU%2FyoqKmy5%2FudqA%3D%3D&trackingId=n7rSRXVcc7YJ3a35LsD9xQ%3D%3D,In-Space Missions Aerospace
ASSISTANT PROFESSOR OF AERONAUTICS,Charleston Southern University,"Charleston, SC",https://www.linkedin.com/jobs/view/assistant-professor-of-aeronautics-at-charleston-southern-university-4093777820?position=57&pageNum=0&refId=0oXaiM6WU%2FyoqKmy5%2FudqA%3D%3D&trackingId=dJQ4i4Z5gdq2QYx05iUI2Q%3D%3D,In-Space Missions Aerospace
Spacecraft ADCS Engineer,Muon Space,"Mountain View, CA",https://www.linkedin.com/jobs/view/spacecraft-adcs-engineer-at-muon-space-4140309309?position=59&pageNum=0&refId=0oXaiM6WU%2FyoqKmy5%2FudqA%3D%3D&trackingId=2aOYUDZ6h77ZDyBYHs8REw%3D%3D,In-Space Missions Aerospace
Basic Flight Test Engineer,Astrion,"Huntsville, AL",https://www.linkedin.com/jobs/view/basic-flight-test-engineer-at-astrion-4188557267?position=60&pageNum=0&refId=0oXaiM6WU%2FyoqKmy5%2FudqA%3D%3D&trackingId=UWcMbyRMUd5Ms2HroM8dYQ%3D%3D,In-Space Missions Aerospace
Aerospace Mechanical Engineer (Supporting the AFRL),ASRC Federal,"Edwards, CO",https://www.linkedin.com/jobs/view/aerospace-mechanical-engineer-supporting-the-afrl-at-asrc-federal-4185037531?position=8&pageNum=7&refId=2puV1RTLp3Y6AKD7QIfA3Q%3D%3D&trackingId=Jz0GSZ%2BxxPPIlEqwhC5oDQ%3D%3D,In-Space Missions Aerospace
"Assistant, Associate, or Professor of Medicine (Aerospace)",University of Central Florida - College of Medicine,"Orlando, FL",https://www.linkedin.com/jobs/view/assistant-associate-or-professor-of-medicine-aerospace-at-university-of-central-florida-college-of-medicine-4194053999?position=7&pageNum=12&refId=2%2BJDlEx1i1%2F57oRufaYWng%3D%3D&trackingId=x2kMlLZSYFaScmvB5O7rzQ%3D%3D,In-Space Missions Aerospace
Warehouse Associate I,FDH Aero,"Commerce, CA",https://www.linkedin.com/jobs/view/warehouse-associate-i-at-fdh-aero-4149995030?position=10&pageNum=27&refId=7FZEvRWP9vQE6t8udabdJQ%3D%3D&trackingId=uocw7EfkO7GdpJcASSx9lQ%3D%3D,In-Space Missions Aerospace
SCM Procurement Associate,Bell Flight,"Amarillo, TX",https://www.linkedin.com/jobs/view/scm-procurement-associate-at-bell-flight-4189793338?position=1&pageNum=0&refId=VYbcHUqwoFhOkvBJe8XT%2FQ%3D%3D&trackingId=RAEV7V0FjDMNTteJytU4uw%3D%3D,Latitude Aerospace
Design Engineer I (REMOTE - CA or WA Preferred),Sonaca North America,"St Charles, MO",https://www.linkedin.com/jobs/view/design-engineer-i-remote-ca-or-wa-preferred-at-sonaca-north-america-4173180743?position=6&pageNum=0&refId=VYbcHUqwoFhOkvBJe8XT%2FQ%3D%3D&trackingId=uGw96bbeDT7oQ46i8vsD7w%3D%3D,Latitude Aerospace
SCM Procurement Associate,Textron,"Amarillo, TX",https://www.linkedin.com/jobs/view/scm-procurement-associate-at-textron-4191123537?position=8&pageNum=0&refId=VYbcHUqwoFhOkvBJe8XT%2FQ%3D%3D&trackingId=BY531tBFFuk3CWCLOVuqOA%3D%3D,Latitude Aerospace
Mechanical Design Engineer,X-energy,Washington DC-Baltimore Area,https://www.linkedin.com/jobs/view/mechanical-design-engineer-at-x-energy-4194789282?position=19&pageNum=0&refId=VYbcHUqwoFhOkvBJe8XT%2FQ%3D%3D&trackingId=pqbbLkjcsJv2yco4tIj%2FBQ%3D%3D,Latitude Aerospace
Associate Solutions Engineer,Paces,"New York, NY",https://www.linkedin.com/jobs/view/associate-solutions-engineer-at-paces-4143788738?position=18&pageNum=0&refId=gh%2BKBzOqTWPxL6JW%2BHAHxQ%3D%3D&trackingId=oSGRemGX1TqSFLBu3cVRTg%3D%3D,NASA
Aerospace Engineering Lecturer Pool,The California State University,"San Jose, CA",https://www.linkedin.com/jobs/view/aerospace-engineering-lecturer-pool-at-the-california-state-university-3914837711?position=36&pageNum=0&refId=gh%2BKBzOqTWPxL6JW%2BHAHxQ%3D%3D&trackingId=FoXLJh3ulS%2Blzyf0k3P2Ug%3D%3D,NASA
Assistant Professor - Aerospace Engineering,The California State University,"San Jose, CA",https://www.linkedin.com/jobs/view/assistant-professor-aerospace-engineering-at-the-california-state-university-4143560374?position=45&pageNum=0&refId=gh%2BKBzOqTWPxL6JW%2BHAHxQ%3D%3D&trackingId=e6wu0UustE6w9cheRtZcqQ%3D%3D,NASA
Associate User Researcher (San Diego only),Whova,"San Diego, CA",https://www.linkedin.com/jobs/view/associate-user-researcher-san-diego-only-at-whova-4179899192?position=34&pageNum=0&refId=bL7PQsyCVUEmmO2QVgRWhQ%3D%3D&trackingId=XAu6lBs%2F%2BoF0dMYNCaVs4w%3D%3D,Cognitive Space
Research Associate,South Dakota Board of Regents,"Brookings, SD",https://www.linkedin.com/jobs/view/research-associate-at-south-dakota-board-of-regents-4168644442?position=35&pageNum=0&refId=bL7PQsyCVUEmmO2QVgRWhQ%3D%3D&trackingId=Xx6Qs6sY3BPm1IndLNXEQg%3D%3D,Cognitive Space
"Research Associate, SDD",Virginia Tech,"Arlington, VA",https://www.linkedin.com/jobs/view/research-associate-sdd-at-virginia-tech-4034703047?position=10&pageNum=20&refId=qi%2FpE9sTacFDfVcwcfRsVQ%3D%3D&trackingId=NyuBvNOCmoibBcDe9d1elQ%3D%3D,Cognitive Space
Assistant or Associate Professor of Counseling,The University of South Dakota Knudson School of Law,"Vermillion, SD",https://www.linkedin.com/jobs/view/assistant-or-associate-professor-of-counseling-at-the-university-of-south-dakota-knudson-school-of-law-4104051575?position=1&pageNum=22&refId=I7tW7cvYrRQ5NwNYFST9HQ%3D%3D&trackingId=YAKpvhCC2k8fuoEQkSqIIQ%3D%3D,Cognitive Space
Early Childhood - Teacher,Acquire4Hire,"Brighton, CO",https://www.linkedin.com/jobs/view/early-childhood-teacher-at-acquire4hire-4180122049?position=8&pageNum=22&refId=I7tW7cvYrRQ5NwNYFST9HQ%3D%3D&trackingId=i0DgC1YueomK6KCk%2Fm2Www%3D%3D,Cognitive Space
PsyD Associate Unlicensed Therapist - Neuropsychological Assessment & Testing Focus,Embracing You Therapy,"Los Angeles, CA",https://www.linkedin.com/jobs/view/psyd-associate-unlicensed-therapist-neuropsychological-assessment-testing-focus-at-embracing-you-therapy-4183409108?position=1&pageNum=30&refId=hFzgWgJUTCXpIAfn00RktQ%3D%3D&trackingId=9dMzyi6Jciy3zfbVMVqhxg%3D%3D,Cognitive Space
Assistant or Associate Professor Tenure-Track or Assistant or Associate Professor of Practice Non-Tenure Track in Exercise Science,The University of South Dakota Knudson School of Law,"Vermillion, SD",https://www.linkedin.com/jobs/view/assistant-or-associate-professor-tenure-track-or-assistant-or-associate-professor-of-practice-non-tenure-track-in-exercise-science-at-the-university-of-south-dakota-knudson-school-of-law-4104052539?position=4&pageNum=35&refId=UVMFz%2FtaQDllbrT%2FVT4TxA%3D%3D&trackingId=E8RUlg2bMdImcj%2FHyUOlDA%3D%3D,Cognitive Space
Junior High English Teacher,Arkansas Department of Education,"Marion, AR",https://www.linkedin.com/jobs/view/junior-high-english-teacher-at-arkansas-department-of-education-4172081594?position=7&pageNum=42&refId=4C75AcR7s%2FryhQBYF8v88w%3D%3D&trackingId=0fxgo0og1d7os%2BwN5pWBBg%3D%3D,Cognitive Space
Part-Time Aircraft Appearance Agent (Allegiant Air),Worldwide Flight Services (WFS),"Las Vegas, NV",https://www.linkedin.com/jobs/view/part-time-aircraft-appearance-agent-allegiant-air-at-worldwide-flight-services-wfs-4190568998?position=1&pageNum=70&refId=FqdlKfawgZb6vdqBgstyGw%3D%3D&trackingId=UERMRlo1VnKnyuDFqfM6NQ%3D%3D,Cognitive Space
Strategy & Operations Associate,Redwire Space,"Chantilly, VA",https://www.linkedin.com/jobs/view/strategy-operations-associate-at-redwire-space-4192759171?position=1&pageNum=0&refId=Ius2PrP5iTnpqMQNwQ8wQQ%3D%3D&trackingId=pr5AuziV9GwRUbzD4kiQmQ%3D%3D,Redwire Space
Communications Associate,Planet,"San Francisco, CA",https://www.linkedin.com/jobs/view/communications-associate-at-planet-4184287587?position=9&pageNum=0&refId=huRr9gYhQbWuWADW1ThuIA%3D%3D&trackingId=kxRkvPVgtI1NkreaDzaONg%3D%3D,Planet Aerospace
Flight Operations Engineer,E-Space,"Saratoga, CA",https://www.linkedin.com/jobs/view/flight-operations-engineer-at-e-space-4159690025?position=16&pageNum=0&refId=huRr9gYhQbWuWADW1ThuIA%3D%3D&trackingId=NHqrqCHGeOMmzmcpWVfnmQ%3D%3D,Planet Aerospace
Fabricator (Aero),"Kawasaki Motors Manufacturing Corp., U.S.A.","Lincoln, NE",https://www.linkedin.com/jobs/view/fabricator-aero-at-kawasaki-motors-manufacturing-corp-u-s-a-3918406134?position=35&pageNum=0&refId=huRr9gYhQbWuWADW1ThuIA%3D%3D&trackingId=o8jqaWaODJA5qsfUo48fYg%3D%3D,Planet Aerospace
Safety Analysis Engineer - Early Career,"Enercon Services, Inc.","Kennesaw, GA",https://www.linkedin.com/jobs/view/safety-analysis-engineer-early-career-at-enercon-services-inc-4177804444?position=1&pageNum=0&refId=tBr8xjDVRdo9Q1trozsKxA%3D%3D&trackingId=yk3tPEpQWsLnXEdSQPTMYQ%3D%3D,Space Forge Aerospace
WIRE HARNESS DESIGN ENGINEER,Marvin Engineering Company,Los Angeles Metropolitan Area,https://www.linkedin.com/jobs/view/wire-harness-design-engineer-at-marvin-engineering-company-4158907344?position=2&pageNum=57&refId=jFchtP8k3o6YE87GSXSdww%3D%3D&trackingId=GhJoovfShogskltTwKEgAQ%3D%3D,Northrop Grumman
Assistant Professor - AI/ML for Aerospace and Ocean Perception,Virginia Tech,"Blacksburg, VA",https://www.linkedin.com/jobs/view/assistant-professor-ai-ml-for-aerospace-and-ocean-perception-at-virginia-tech-4027575496?position=2&pageNum=0&refId=d7VTo1NXHZaVAnGQRJkI%2FQ%3D%3D&trackingId=SsMSoASflveA62wSHZ5Fyw%3D%3D,Space Perspective Aerospace
Aircraft Support Mechanic,Delta Air Lines,"Seattle, WA",https://www.linkedin.com/jobs/view/aircraft-support-mechanic-at-delta-air-lines-4013998555?position=18&pageNum=0&refId=d7VTo1NXHZaVAnGQRJkI%2FQ%3D%3D&trackingId=%2FbUqr3o6SJcGlcok%2FM07pg%3D%3D,Space Perspective Aerospace
Aircraft Support Mechanic,Delta Air Lines,"Minneapolis, MN",https://www.linkedin.com/jobs/view/aircraft-support-mechanic-at-delta-air-lines-4002175225?position=21&pageNum=0&refId=d7VTo1NXHZaVAnGQRJkI%2FQ%3D%3D&trackingId=3p%2F%2B3Cs4aRjbfF10zAzzLw%3D%3D,Space Perspective Aerospace
Aerosonde Operator,DelMar Aerospace Corporation,"Henderson, NV",https://www.linkedin.com/jobs/view/aerosonde-operator-at-delmar-aerospace-corporation-3787747666?position=1&pageNum=0&refId=ybdlX2J6EUP65CwF4Jq6DA%3D%3D&trackingId=aQVDDJ%2BB%2FohgZzq4OnPkgg%3D%3D,The Aerospace Corporation
Aircraft Interior Tech,Regent Aerospace Corporation,"Santa Clarita, CA",https://www.linkedin.com/jobs/view/aircraft-interior-tech-at-regent-aerospace-corporation-4041497601?position=2&pageNum=0&refId=ybdlX2J6EUP65CwF4Jq6DA%3D%3D&trackingId=0R32CDHn7pxZwRwRabaVqQ%3D%3D,The Aerospace Corporation
Aircraft Interior Tech,Regent Aerospace Corporation,"McAlester, OK",https://www.linkedin.com/jobs/view/aircraft-interior-tech-at-regent-aerospace-corporation-4131186050?position=6&pageNum=0&refId=ybdlX2J6EUP65CwF4Jq6DA%3D%3D&trackingId=3gG89vV2MMaf5pIu4ZHaLw%3D%3D,The Aerospace Corporation
Program Assistant - Aerospace,Accurus Aerospace Corporation,"Tulsa, OK",https://www.linkedin.com/jobs/view/program-assistant-aerospace-at-accurus-aerospace-corporation-4132555335?position=9&pageNum=0&refId=ybdlX2J6EUP65CwF4Jq6DA%3D%3D&trackingId=8NQ2phTCWqqjSOZJOEmwWw%3D%3D,The Aerospace Corporation
Program Support Associate,Accurus Aerospace Corporation,Atlanta Metropolitan Area,https://www.linkedin.com/jobs/view/program-support-associate-at-accurus-aerospace-corporation-4136576464?position=13&pageNum=0&refId=ybdlX2J6EUP65CwF4Jq6DA%3D%3D&trackingId=1WcjAwAAd9FbtX3TUnccPA%3D%3D,The Aerospace Corporation
Program Support Associate,Accurus Aerospace Corporation,"Athens, GA",https://www.linkedin.com/jobs/view/program-support-associate-at-accurus-aerospace-corporation-4135516495?position=16&pageNum=0&refId=ybdlX2J6EUP65CwF4Jq6DA%3D%3D&trackingId=VXfDPdEkr%2FBfK5986PjOLg%3D%3D,The Aerospace Corporation
Processing Inspector (Weekend Shift) - Aerospace,Accurus Aerospace Corporation,"Tulsa, OK",https://www.linkedin.com/jobs/view/processing-inspector-weekend-shift-aerospace-at-accurus-aerospace-corporation-4192452892?position=22&pageNum=0&refId=ybdlX2J6EUP65CwF4Jq6DA%3D%3D&trackingId=BcxKZ2U%2BInDTOXRgrj9gyg%3D%3D,The Aerospace Corporation
SkillBridge RS Aircraft Maintenance Tech I (Multiple Locations)),Gulfstream Aerospace,"Brunswick, GA",https://www.linkedin.com/jobs/view/skillbridge-rs-aircraft-maintenance-tech-i-multiple-locations-at-gulfstream-aerospace-4139277732?position=40&pageNum=0&refId=ybdlX2J6EUP65CwF4Jq6DA%3D%3D&trackingId=WO%2FjImjVsMwdDHloatGMfg%3D%3D,The Aerospace Corporation
Cook - Aerospace Corporation,Aramark,"El Segundo, CA",https://www.linkedin.com/jobs/view/cook-aerospace-corporation-at-aramark-4172610844?position=42&pageNum=0&refId=ybdlX2J6EUP65CwF4Jq6DA%3D%3D&trackingId=93GonGh0ZPAIRwi1eu%2FlQA%3D%3D,The Aerospace Corporation
Cashier - Aerospace Corporation,Aramark,"El Segundo, CA",https://www.linkedin.com/jobs/view/cashier-aerospace-corporation-at-aramark-4172608997?position=59&pageNum=0&refId=ybdlX2J6EUP65CwF4Jq6DA%3D%3D&trackingId=XetUxb5OjeY4EgGp4NMTVA%3D%3D,The Aerospace Corporation
Structural Mechanic I,Gulfstream Aerospace,"Los Angeles, CA",https://www.linkedin.com/jobs/view/structural-mechanic-i-at-gulfstream-aerospace-4134106841?position=60&pageNum=0&refId=ybdlX2J6EUP65CwF4Jq6DA%3D%3D&trackingId=lsD2wdg8E%2FK29mokVF59Pg%3D%3D,The Aerospace Corporation
Integration & Test Engineer,Varda Space Industries,"El Segundo, CA",https://www.linkedin.com/jobs/view/integration-test-engineer-at-varda-space-industries-4167948997?position=1&pageNum=0&refId=dlDqsCP4n4njDWXr4hMGeQ%3D%3D&trackingId=RH%2BbLEz%2Firp8qPR0y%2FwxDw%3D%3D,Varda Aerospace
Contract Procurement Coordinator (aerospace),Virgin Galactic,"Mesa, AZ",https://www.linkedin.com/jobs/view/contract-procurement-coordinator-aerospace-at-virgin-galactic-4171304103?position=1&pageNum=0&refId=0JCJnIMONZx%2BJmy84%2FYJng%3D%3D&trackingId=kDfFUELJwEROWW2qOFjV6Q%3D%3D,Virgin Galactic
Product Design Engineer,"BAE Systems, Inc.","Fort Wayne, IN",https://www.linkedin.com/jobs/view/product-design-engineer-at-bae-systems-inc-4141178125?position=11&pageNum=0&refId=lzdq2JgwY9g0mMV%2F9Maqgw%3D%3D&trackingId=azCtcabAccNhrV%2BRMM9EKg%3D%3D,York Space Systems Aerospace
"Associate, Business Analyst (Melbourne, FL)",L3Harris Technologies,"Melbourne, FL",https://www.linkedin.com/jobs/view/associate-business-analyst-melbourne-fl-at-l3harris-technologies-4182145610?position=12&pageNum=0&refId=vw1efbF5j6JffPuSfaTAlw%3D%3D&trackingId=IbjJR7p8XPnZAbeXGjVm8A%3D%3D,L3Harris
"Associate, Systems Engineering (Stennis Space Center)",L3Harris Technologies,"Mississippi, United States",https://www.linkedin.com/jobs/view/associate-systems-engineering-stennis-space-center-at-l3harris-technologies-4172895154?position=19&pageNum=0&refId=vw1efbF5j6JffPuSfaTAlw%3D%3D&trackingId=iV6wmLA5xZ0tZhe3Eh%2FOlA%3D%3D,L3Harris
"Associate, Network Control (Melbourne, FL)",L3Harris Technologies,"Melbourne, FL",https://www.linkedin.com/jobs/view/associate-network-control-melbourne-fl-at-l3harris-technologies-4194431014?position=20&pageNum=0&refId=vw1efbF5j6JffPuSfaTAlw%3D%3D&trackingId=iFhfgX4Oo1qwgnUWFYuFfw%3D%3D,L3Harris
"Associate, Program Finance Analyst (Wilmington, MA)",L3Harris Technologies,"Wilmington, MA",https://www.linkedin.com/jobs/view/associate-program-finance-analyst-wilmington-ma-at-l3harris-technologies-4139248394?position=32&pageNum=0&refId=vw1efbF5j6JffPuSfaTAlw%3D%3D&trackingId=JvKkvgdS9VVfWDu9lXIdzA%3D%3D,L3Harris
"Associate, Systems Engineer (Colorado Springs, Colorado) 1",L3Harris Technologies,"Colorado Springs, CO",https://www.linkedin.com/jobs/view/associate-systems-engineer-colorado-springs-colorado-1-at-l3harris-technologies-4182990697?position=41&pageNum=0&refId=vw1efbF5j6JffPuSfaTAlw%3D%3D&trackingId=L8C1tR%2B0iz%2FaqqnPxvE8oA%3D%3D,L3Harris
"Associate, Finance Pricing (Waco, TX)",L3Harris Technologies,"Waco, TX",https://www.linkedin.com/jobs/view/associate-finance-pricing-waco-tx-at-l3harris-technologies-4117650584?position=43&pageNum=0&refId=vw1efbF5j6JffPuSfaTAlw%3D%3D&trackingId=tD8Lf2L9TSCWayOjL15t3g%3D%3D,L3Harris
Mentor Teacher - Early Childhood Center - Open Pool,Colorado State University,"Fort Collins, CO",https://www.linkedin.com/jobs/view/mentor-teacher-early-childhood-center-open-pool-at-colorado-state-university-4186848129?position=43&pageNum=0&refId=duiGukWc1vWHONDSjNYgsw%3D%3D&trackingId=Dq2fnFn5lBo%2BFMpt9zCY%2FQ%3D%3D,Collins
Aircraft Systems & Flight Test Engineer,General Atomics Aeronautical Systems,"Poway, CA",https://www.linkedin.com/jobs/view/aircraft-systems-flight-test-engineer-at-general-atomics-aeronautical-systems-4161836206?position=32&pageNum=0&refId=n28VLewP0BcP3WIVOkfARA%3D%3D&trackingId=zbnBB6rGFh6uNQ0OBpk15Q%3D%3D,General Atomics
PC Board Designer,General Atomics Aeronautical Systems,"Poway, CA",https://www.linkedin.com/jobs/view/pc-board-designer-at-general-atomics-aeronautical-systems-4178107833?position=40&pageNum=0&refId=n28VLewP0BcP3WIVOkfARA%3D%3D&trackingId=MxltOQ0%2FLmZzrU7Ct42oHg%3D%3D,General Atomics
Structural Analysis Engineer,General Atomics Aeronautical Systems,"Poway, CA",https://www.linkedin.com/jobs/view/structural-analysis-engineer-at-general-atomics-aeronautical-systems-4182115914?position=49&pageNum=0&refId=n28VLewP0BcP3WIVOkfARA%3D%3D&trackingId=4T0SDybMrz2%2FKtOMf8c2YQ%3D%3D,General Atomics
Brand Designer,Vast,"Long Beach, CA",https://www.linkedin.com/jobs/view/brand-designer-at-vast-4089087151?position=14&pageNum=0&refId=XSbMfzeWANzrQhd4Ifmwzg%3D%3D&trackingId=3%2FS56IWO7qfeZzcG92E3sQ%3D%3D,Vast Aerospace
Aircraft Mechanic A,Lockheed Martin,"Fort Worth, TX",https://www.linkedin.com/jobs/view/aircraft-mechanic-a-at-lockheed-martin-4122696734?position=21&pageNum=0&refId=XSbMfzeWANzrQhd4Ifmwzg%3D%3D&trackingId=V89fRpgcDGTpUBCRCRoEGg%3D%3D,Vast Aerospace
"Mechanical Engineer I, Structures",Vast,"Long Beach, CA",https://www.linkedin.com/jobs/view/mechanical-engineer-i-structures-at-vast-4132943399?position=24&pageNum=0&refId=XSbMfzeWANzrQhd4Ifmwzg%3D%3D&trackingId=ovWME9hiaj6OrVCqMa3bXw%3D%3D,Vast Aerospace
"Mechanical Design Engineer, Electronics Packaging",Vast,"Long Beach, CA",https://www.linkedin.com/jobs/view/mechanical-design-engineer-electronics-packaging-at-vast-4183174251?position=33&pageNum=0&refId=XSbMfzeWANzrQhd4Ifmwzg%3D%3D&trackingId=B2mBETCWGas32ZACTQALcA%3D%3D,Vast Aerospace
Fixture Designer,GE Vernova,"Greenville, SC",https://www.linkedin.com/jobs/view/fixture-designer-at-ge-vernova-4114743936?position=16&pageNum=0&refId=%2BJtOmVoDTj%2BHTR5ToZN%2B2A%3D%3D&trackingId=7ak4KYRjhpmuBMgUJ3z9qA%3D%3D,General Electric
Fluid Systems Design Engineer,GE Vernova,"Greenville, SC",https://www.linkedin.com/jobs/view/fluid-systems-design-engineer-at-ge-vernova-4193367600?position=42&pageNum=0&refId=%2BJtOmVoDTj%2BHTR5ToZN%2B2A%3D%3D&trackingId=sIQKdsnbdTv%2BnMyZmwShVA%3D%3D,General Electric
Customer Support Associate (Starlink),SpaceX,"Hawthorne, CA",https://www.linkedin.com/jobs/view/customer-support-associate-starlink-at-spacex-4173192994?position=2&pageNum=0&refId=sBUticTQ1jgZ1hBSjvg2Lg%3D%3D&trackingId=uAu1N0VGnmNHucKjnQFx0A%3D%3D,SpaceX
"Customer Support Associate, Bilingual Spanish (Starlink)",SpaceX,"Hawthorne, CA",https://www.linkedin.com/jobs/view/customer-support-associate-bilingual-spanish-starlink-at-spacex-4139408490?position=10&pageNum=0&refId=sBUticTQ1jgZ1hBSjvg2Lg%3D%3D&trackingId=N%2FINcGeBObsjT7m6pUZ0LA%3D%3D,SpaceX
Technical Support Associate (Starlink),SpaceX,"Hawthorne, CA",https://www.linkedin.com/jobs/view/technical-support-associate-starlink-at-spacex-4151503799?position=13&pageNum=0&refId=sBUticTQ1jgZ1hBSjvg2Lg%3D%3D&trackingId=QvEdM8LklrK%2BxXvxleZalg%3D%3D,SpaceX
Customer Support Associate (Starlink) - Weekend Shift,SpaceX,"Redmond, WA",https://www.linkedin.com/jobs/view/customer-support-associate-starlink-weekend-shift-at-spacex-4183524118?position=15&pageNum=0&refId=sBUticTQ1jgZ1hBSjvg2Lg%3D%3D&trackingId=OXksLUH85pmeBiY9M0PQSQ%3D%3D,SpaceX
Mechanical Design Engineer (Propulsion Components),SpaceX,"Hawthorne, CA",https://www.linkedin.com/jobs/view/mechanical-design-engineer-propulsion-components-at-spacex-4072357391?position=17&pageNum=0&refId=sBUticTQ1jgZ1hBSjvg2Lg%3D%3D&trackingId=jKjsGyGp%2BygsmEDl18ZMCw%3D%3D,SpaceX
Customer Support Associate (Starlink),SpaceX,"Bastrop, TX",https://www.linkedin.com/jobs/view/customer-support-associate-starlink-at-spacex-4081617886?position=23&pageNum=0&refId=sBUticTQ1jgZ1hBSjvg2Lg%3D%3D&trackingId=WUx%2FAdAYl2ts5AabybIibQ%3D%3D,SpaceX
Mechanical Design Engineer (Starship Components),SpaceX,"Hawthorne, CA",https://www.linkedin.com/jobs/view/mechanical-design-engineer-starship-components-at-spacex-4144757547?position=30&pageNum=0&refId=sBUticTQ1jgZ1hBSjvg2Lg%3D%3D&trackingId=5LuLYhcHX46yN0WgjaaKIw%3D%3D,SpaceX
"Customer Support Associate, Bilingual Spanish (Starlink)",SpaceX,"Bastrop, TX",https://www.linkedin.com/jobs/view/customer-support-associate-bilingual-spanish-starlink-at-spacex-4126600327?position=36&pageNum=0&refId=sBUticTQ1jgZ1hBSjvg2Lg%3D%3D&trackingId=iqiNgmIUI%2FzZET14UKohAw%3D%3D,SpaceX
"Customer Support Associate, Bilingual (Starlink)",SpaceX,"Redmond, WA",https://www.linkedin.com/jobs/view/customer-support-associate-bilingual-starlink-at-spacex-4024953472?position=37&pageNum=0&refId=sBUticTQ1jgZ1hBSjvg2Lg%3D%3D&trackingId=UqnsmR7iGuEyHXSkXdzPaw%3D%3D,SpaceX
"Test Engineer, Propulsion Components (Starship)",SpaceX,"Hawthorne, CA",https://www.linkedin.com/jobs/view/test-engineer-propulsion-components-starship-at-spacex-4150831705?position=38&pageNum=0&refId=sBUticTQ1jgZ1hBSjvg2Lg%3D%3D&trackingId=AaHIb1aCs3lhU%2BMegTcLaA%3D%3D,SpaceX
Customer Support Associate Bilingual (Starlink),SpaceX,"Hawthorne, CA",https://www.linkedin.com/jobs/view/customer-support-associate-bilingual-starlink-at-spacex-4184091453?position=45&pageNum=0&refId=sBUticTQ1jgZ1hBSjvg2Lg%3D%3D&trackingId=HSlMNovVff2TC1GwMpQJCg%3D%3D,SpaceX
"Design Engineer, Turbomachinery (Starship)",SpaceX,"Hawthorne, CA",https://www.linkedin.com/jobs/view/design-engineer-turbomachinery-starship-at-spacex-4184090582?position=52&pageNum=0&refId=sBUticTQ1jgZ1hBSjvg2Lg%3D%3D&trackingId=IOTswPq3V86tJqVXDPfatQ%3D%3D,SpaceX
Mechanical Design Engineer (Falcon),SpaceX,"Hawthorne, CA",https://www.linkedin.com/jobs/view/mechanical-design-engineer-falcon-at-spacex-4145128463?position=55&pageNum=0&refId=sBUticTQ1jgZ1hBSjvg2Lg%3D%3D&trackingId=YyS3k18wcfGoFk88C3e%2B7Q%3D%3D,SpaceX
"Design Engineer, Turbomachinery (Starship)",SpaceX,"Texas, United States",https://www.linkedin.com/jobs/view/design-engineer-turbomachinery-starship-at-spacex-4184096052?position=7&pageNum=7&refId=CQ8p%2FL1zx3Cj%2FDLy2yVVQg%3D%3D&trackingId=%2F9tF9BqvelOacky%2BGNLefA%3D%3D,SpaceX
Mechanical Integration & Test Engineer (Starshield),SpaceX,"Hawthorne, CA",https://www.linkedin.com/jobs/view/mechanical-integration-test-engineer-starshield-at-spacex-4170614995?position=9&pageNum=7&refId=CQ8p%2FL1zx3Cj%2FDLy2yVVQg%3D%3D&trackingId=84tl5bOGMc5eJIAp54o73w%3D%3D,SpaceX
Customer Support Associate (Starlink) - Bilingual Hebrew,SpaceX,"Hawthorne, CA",https://www.linkedin.com/jobs/view/customer-support-associate-starlink-bilingual-hebrew-at-spacex-4114494705?position=5&pageNum=10&refId=%2FYSMNCKe8bR8olninxtUMw%3D%3D&trackingId=jdHSrd1TfltfO467KDS2KA%3D%3D,SpaceX
Technical Support Associate (Starlink),SpaceX,"Bastrop, TX",https://www.linkedin.com/jobs/view/technical-support-associate-starlink-at-spacex-4044509267?position=10&pageNum=10&refId=%2FYSMNCKe8bR8olninxtUMw%3D%3D&trackingId=UbnX6xEYiypeKX1gxaFKbg%3D%3D,SpaceX
"Mechanical Engineer, Machine Design (Starship)",SpaceX,"Texas, United States",https://www.linkedin.com/jobs/view/mechanical-engineer-machine-design-starship-at-spacex-4179538087?position=1&pageNum=12&refId=nO0xjygDnGI69UhVo3pQew%3D%3D&trackingId=0cIBlRKwRLRw9sa4B98DsQ%3D%3D,SpaceX
Propulsion Engineer (Merlin Flight Operations),SpaceX,"Hawthorne, CA",https://www.linkedin.com/jobs/view/propulsion-engineer-merlin-flight-operations-at-spacex-4170618857?position=1&pageNum=15&refId=ToszAZ46275FZvhTdXhk7Q%3D%3D&trackingId=IO5PujxWbVVWflgoQiOGtg%3D%3D,SpaceX
Propulsion Engineer (Starship),SpaceX,"Texas, United States",https://www.linkedin.com/jobs/view/propulsion-engineer-starship-at-spacex-4146449340?position=2&pageNum=15&refId=ToszAZ46275FZvhTdXhk7Q%3D%3D&trackingId=6scLDZgyCWdccx8IoTpojA%3D%3D,SpaceX
Mechanical Design Engineer (Starlink Ground Antennas),SpaceX,"Bastrop, TX",https://www.linkedin.com/jobs/view/mechanical-design-engineer-starlink-ground-antennas-at-spacex-4138853158?position=6&pageNum=15&refId=ToszAZ46275FZvhTdXhk7Q%3D%3D&trackingId=eCqJ4y%2FFGrPo0dMv2kQg0g%3D%3D,SpaceX
"Customer Support Associate, Bilingual French (Starlink)",SpaceX,"Hawthorne, CA",https://www.linkedin.com/jobs/view/customer-support-associate-bilingual-french-starlink-at-spacex-4184095106?position=7&pageNum=15&refId=ToszAZ46275FZvhTdXhk7Q%3D%3D&trackingId=A0IB2LTNpZsrx8B12RQx0g%3D%3D,SpaceX
Space Operations Engineer (Dragon),SpaceX,"Hawthorne, CA",https://www.linkedin.com/jobs/view/space-operations-engineer-dragon-at-spacex-4109090765?position=9&pageNum=15&refId=ToszAZ46275FZvhTdXhk7Q%3D%3D&trackingId=BNMIg3g75VFfiagXcAokZA%3D%3D,SpaceX
PCB Designer (Starlink),SpaceX,"Bastrop, TX",https://www.linkedin.com/jobs/view/pcb-designer-starlink-at-spacex-4134101735?position=1&pageNum=17&refId=iN%2FOXP1R2xSyE9iUaQKmQw%3D%3D&trackingId=HYIubE2VCkQGOqWaOOS53w%3D%3D,SpaceX
Product Design Engineer (Starlink Ground Antennas),SpaceX,"Bastrop, TX",https://www.linkedin.com/jobs/view/product-design-engineer-starlink-ground-antennas-at-spacex-4167893242?position=3&pageNum=17&refId=iN%2FOXP1R2xSyE9iUaQKmQw%3D%3D&trackingId=yWVQr415YPBypGgey%2B73Xw%3D%3D,SpaceX
"Build Engineer, Structures (Starship)",SpaceX,"Texas, United States",https://www.linkedin.com/jobs/view/build-engineer-structures-starship-at-spacex-4164584826?position=5&pageNum=17&refId=iN%2FOXP1R2xSyE9iUaQKmQw%3D%3D&trackingId=1P0Rz%2B8%2F1AKzZWbORiKOSQ%3D%3D,SpaceX
Starlink Warehouse Associate,SpaceX,"Hawthorne, CA",https://www.linkedin.com/jobs/view/starlink-warehouse-associate-at-spacex-4188400077?position=1&pageNum=20&refId=epn4yzeQIPBmx9BD8dTnaw%3D%3D&trackingId=%2Bgb%2BZ3NHAtjw2EOaTCVKOw%3D%3D,SpaceX
Structural Engineer (Starship),SpaceX,"Texas, United States",https://www.linkedin.com/jobs/view/structural-engineer-starship-at-spacex-4189835251?position=6&pageNum=20&refId=epn4yzeQIPBmx9BD8dTnaw%3D%3D&trackingId=XWmiANPLTuszD9ZSZYjfaA%3D%3D,SpaceX
Structures Test Engineer,SpaceX,"Hawthorne, CA",https://www.linkedin.com/jobs/view/structures-test-engineer-at-spacex-4103090249?position=8&pageNum=20&refId=epn4yzeQIPBmx9BD8dTnaw%3D%3D&trackingId=KyFRqin9sQSwmed0hYFFMA%3D%3D,SpaceX
"Launch Engineer, Structures (Dragon)",SpaceX,"Cape Canaveral, FL",https://www.linkedin.com/jobs/view/launch-engineer-structures-dragon-at-spacex-4172529952?position=10&pageNum=20&refId=epn4yzeQIPBmx9BD8dTnaw%3D%3D&trackingId=sKyZqxywR3BFA9MaVlUH6Q%3D%3D,SpaceX
"Starship Engineer, Structures",SpaceX,"Texas, United States",https://www.linkedin.com/jobs/view/starship-engineer-structures-at-spacex-4079016970?position=1&pageNum=22&refId=eL9Svi%2Fku4p%2FA2vO5MvLYw%3D%3D&trackingId=h%2F1BtlqcDESo2eEpaxRyJw%3D%3D,SpaceX
Integration and Test Engineer (Starship),SpaceX,"Texas, United States",https://www.linkedin.com/jobs/view/integration-and-test-engineer-starship-at-spacex-4115041535?position=3&pageNum=22&refId=eL9Svi%2Fku4p%2FA2vO5MvLYw%3D%3D&trackingId=3AMj%2F0JbI%2Bm54NQOL4Vt%2FQ%3D%3D,SpaceX
"Propulsion Engineer, Structural Analyst (Merlin)",SpaceX,"Hawthorne, CA",https://www.linkedin.com/jobs/view/propulsion-engineer-structural-analyst-merlin-at-spacex-4064694159?position=1&pageNum=27&refId=9CIutofuBxmYPvd1%2Fs7A5Q%3D%3D&trackingId=nAZ2jhQkU2%2FgyBbZVsnk7g%3D%3D,SpaceX
Spaceport Restaurant Attendant - Temporary,SpaceX,"Texas, United States",https://www.linkedin.com/jobs/view/spaceport-restaurant-attendant-temporary-at-spacex-3944804830?position=10&pageNum=27&refId=9CIutofuBxmYPvd1%2Fs7A5Q%3D%3D&trackingId=z%2FcaYLvYe1F9UvuAokghjg%3D%3D,SpaceX
"Customer Support Associate, Bilingual French (Starlink)",SpaceX,"Bastrop, TX",https://www.linkedin.com/jobs/view/customer-support-associate-bilingual-french-starlink-at-spacex-4182395440?position=1&pageNum=32&refId=26eiucNu7AxTbYAo0bRx5g%3D%3D&trackingId=f5qs%2BgFLX3Sa%2BOif%2FndmCw%3D%3D,SpaceX
Structures Analyst (Starship),SpaceX,"Texas, United States",https://www.linkedin.com/jobs/view/structures-analyst-starship-at-spacex-4041135302?position=3&pageNum=32&refId=26eiucNu7AxTbYAo0bRx5g%3D%3D&trackingId=PMqI%2BCkf0GS7dp7G7e8Zqw%3D%3D,SpaceX
"Customer Support Associate, Bilingual German (Starlink)",SpaceX,"Hawthorne, CA",https://www.linkedin.com/jobs/view/customer-support-associate-bilingual-german-starlink-at-spacex-4184090575?position=5&pageNum=37&refId=cfaDn7nSJocpZTF8DVMvTg%3D%3D&trackingId=FG%2FXNQETueQVyD2Sz31pSw%3D%3D,SpaceX
Integration & Test Engineer (Optomechanical),SpaceX,"Redmond, WA",https://www.linkedin.com/jobs/view/integration-test-engineer-optomechanical-at-spacex-4010724422?position=7&pageNum=37&refId=cfaDn7nSJocpZTF8DVMvTg%3D%3D&trackingId=ct22tvqNErJLGKx80Kxl8w%3D%3D,SpaceX
"Mission Integration Engineer, Mission Systems (Starshield)",SpaceX,"Hawthorne, CA",https://www.linkedin.com/jobs/view/mission-integration-engineer-mission-systems-starshield-at-spacex-4118074127?position=10&pageNum=37&refId=cfaDn7nSJocpZTF8DVMvTg%3D%3D&trackingId=6Bhi8TJp9djoA3CcIlc2KQ%3D%3D,SpaceX
Integration & Test Engineer (Falcon 9 Structures),SpaceX,"Hawthorne, CA",https://www.linkedin.com/jobs/view/integration-test-engineer-falcon-9-structures-at-spacex-4042361452?position=5&pageNum=40&refId=84R%2FAIzvHdinRx3ZsL5HWQ%3D%3D&trackingId=JSOtHavTZ%2BfZq4XYm4LJUw%3D%3D,SpaceX
"Automation Design Engineer, Consumer Hardware (Starlink)",SpaceX,"Bastrop, TX",https://www.linkedin.com/jobs/view/automation-design-engineer-consumer-hardware-starlink-at-spacex-4168629079?position=10&pageNum=45&refId=iPMyy3s7aJV8kiCQZjwLIg%3D%3D&trackingId=GkdvuSwJTyCDTPIqwF%2FVJw%3D%3D,SpaceX
"Customer Support Associate, Bilingual Dutch (Starlink)",SpaceX,"Hawthorne, CA",https://www.linkedin.com/jobs/view/customer-support-associate-bilingual-dutch-starlink-at-spacex-4183523205?position=2&pageNum=47&refId=xdnyni2e%2FYZkz9AUckV7rg%3D%3D&trackingId=L%2FkaWjgl2QONeCEuKRI8cg%3D%3D,SpaceX
"Launch Engineer, Spacecraft Integration (Payloads)",SpaceX,"Vandenberg Village, CA",https://www.linkedin.com/jobs/view/launch-engineer-spacecraft-integration-payloads-at-spacex-4075789743?position=9&pageNum=47&refId=xdnyni2e%2FYZkz9AUckV7rg%3D%3D&trackingId=bfJyRDhOTXTmjz61GTPAVQ%3D%3D,SpaceX
"Customer Support Associate, Bilingual Dutch (Starlink)",SpaceX,"Bastrop, TX",https://www.linkedin.com/jobs/view/customer-support-associate-bilingual-dutch-starlink-at-spacex-4182496083?position=4&pageNum=52&refId=DySlAwg8YPro7dW1XeXRyA%3D%3D&trackingId=fiJoMfHRyDwQhsNuqDuh%2Fw%3D%3D,SpaceX
Dynamics Engineer (Falcon),SpaceX,"Hawthorne, CA",https://www.linkedin.com/jobs/view/dynamics-engineer-falcon-at-spacex-4070245539?position=8&pageNum=52&refId=DySlAwg8YPro7dW1XeXRyA%3D%3D&trackingId=qPlfkxC16F0LWR0N8w1ZEg%3D%3D,SpaceX
Design Engineer,Kino AI,"San Francisco, CA",https://www.linkedin.com/jobs/view/design-engineer-at-kino-ai-4153676937?position=10&pageNum=57&refId=gR28qUbD0Mo6xg6RxQPRQA%3D%3D&trackingId=WEZhb8eNGY5kl3slmgcKkw%3D%3D,SpaceX
"Design Engineer, Turbomachinery (Starship)",Lensa,"Star, TX",https://www.linkedin.com/jobs/view/design-engineer-turbomachinery-starship-at-lensa-4193430051?position=10&pageNum=60&refId=FnW9AF7Qq2BgMbxx5sDLYw%3D%3D&trackingId=nMMb3e5G5sEGn1Xd3UK4vg%3D%3D,SpaceX
Structures Engineer,Hermeus,"Atlanta, GA",https://www.linkedin.com/jobs/view/structures-engineer-at-hermeus-4109364445?position=1&pageNum=0&refId=d06Rz%2BJNP68VKsl8O55FZg%3D%3D&trackingId=CysLr2NKjs%2FSdzotgYtbaw%3D%3D,Hermeus
Junior Radar Modeling Engineer,Axient,"Columbia, MD",https://www.linkedin.com/jobs/view/junior-radar-modeling-engineer-at-axient-4158899312?position=5&pageNum=0&refId=GYlMZ2euOJGXmn0EQViCGA%3D%3D&trackingId=T5D%2BMZNg13aFSC%2FdZTLcQg%3D%3D,Axient
SC Procurement Associate,Bell Flight,"Piney Flats, TN",https://www.linkedin.com/jobs/view/sc-procurement-associate-at-bell-flight-4175182401?position=3&pageNum=0&refId=45sd7tdtfiowJgSIt7xEaw%3D%3D&trackingId=0M%2BkpddeOJk8tHys3%2FFZow%3D%3D,Bell Helicopter
SC Procurement Associate,Textron,"Piney Flats, TN",https://www.linkedin.com/jobs/view/sc-procurement-associate-at-textron-4173676517?position=6&pageNum=0&refId=45sd7tdtfiowJgSIt7xEaw%3D%3D&trackingId=58MMTrMqNxHB6%2BF8oWqPQw%3D%3D,Bell Helicopter
Junior Linux Systems Administrator (TS/SCI),Maxar Technologies,"Herndon, VA",https://www.linkedin.com/jobs/view/junior-linux-systems-administrator-ts-sci-at-maxar-technologies-4184947638?position=7&pageNum=0&refId=H7uYuyas47%2BTe7fzam834w%3D%3D&trackingId=UYSBsuMSBA7S38arX%2F8kHw%3D%3D,Maxar Technologies
MECHANICAL/AEROSPACE ENGINEER,Kratos Defense and Security Solutions,"Birmingham, AL",https://www.linkedin.com/jobs/view/mechanical-aerospace-engineer-at-kratos-defense-and-security-solutions-3846959864?position=5&pageNum=0&refId=1JnzN7QPp6vPq%2F1KYVGMRg%3D%3D&trackingId=32FxiZS3%2FA4CXIjXGg5Zeg%3D%3D,Kratos Defense & Security Solutions
Structural Analysis Engineer - Sentinel Program,Kratos Defense and Security Solutions,"Dallastown, PA",https://www.linkedin.com/jobs/view/structural-analysis-engineer-sentinel-program-at-kratos-defense-and-security-solutions-4081467406?position=14&pageNum=0&refId=1JnzN7QPp6vPq%2F1KYVGMRg%3D%3D&trackingId=gPivWuTbmKL19kE8%2FwC8Ow%3D%3D,Kratos Defense & Security Solutions
Associate Project Coordinator (local only),Kratos Defense and Security Solutions,"Birmingham, AL",https://www.linkedin.com/jobs/view/associate-project-coordinator-local-only-at-kratos-defense-and-security-solutions-4133630759?position=24&pageNum=0&refId=1JnzN7QPp6vPq%2F1KYVGMRg%3D%3D&trackingId=uGIODnDTzuoWudigyzhkuw%3D%3D,Kratos Defense & Security Solutions
Designer,Leonardo DRS,"Fitchburg, MA",https://www.linkedin.com/jobs/view/designer-at-leonardo-drs-4187158743?position=18&pageNum=0&refId=Okqer2665%2FGStxn3MaOuYQ%3D%3D&trackingId=RzoUZW%2F8DZ%2FfNBZN18ySoQ%3D%3D,Leonardo DRS
Associate Project Engineer,Leonardo DRS,"Largo, FL",https://www.linkedin.com/jobs/view/associate-project-engineer-at-leonardo-drs-4184928398?position=30&pageNum=0&refId=Okqer2665%2FGStxn3MaOuYQ%3D%3D&trackingId=0i1OnUNvZ1xbwZNBZLso%2BA%3D%3D,Leonardo DRS
Associate Project Engineer,Leonardo DRS,"Johnstown, PA",https://www.linkedin.com/jobs/view/associate-project-engineer-at-leonardo-drs-4179641456?position=42&pageNum=0&refId=Okqer2665%2FGStxn3MaOuYQ%3D%3D&trackingId=O0pKrqIP9XRaO0vh1YFyNA%3D%3D,Leonardo DRS
Designer I,Leonardo DRS,"Menomonee Falls, WI",https://www.linkedin.com/jobs/view/designer-i-at-leonardo-drs-4188626076?position=49&pageNum=0&refId=Okqer2665%2FGStxn3MaOuYQ%3D%3D&trackingId=HOvGCPVa5NnI83f5ncy58A%3D%3D,Leonardo DRS
Associate Assembler,Leonardo DRS,"Fort Walton Beach, FL",https://www.linkedin.com/jobs/view/associate-assembler-at-leonardo-drs-4137074696?position=59&pageNum=0&refId=Okqer2665%2FGStxn3MaOuYQ%3D%3D&trackingId=ghylLjxppWlRRGRByRv7pQ%3D%3D,Leonardo DRS
Aircraft Maintenance Inspector,Textron Aviation,"Orlando, FL",https://www.linkedin.com/jobs/view/aircraft-maintenance-inspector-at-textron-aviation-4080430456?position=8&pageNum=0&refId=57nbhJi7Vj9xFeiNzmE%2Fsw%3D%3D&trackingId=qUlxgARuPR%2BENUysjE27vQ%3D%3D,Textron Aviation
Flight Mechanic B-AP,Textron Aviation,"Wichita, KS",https://www.linkedin.com/jobs/view/flight-mechanic-b-ap-at-textron-aviation-4136274576?position=20&pageNum=0&refId=57nbhJi7Vj9xFeiNzmE%2Fsw%3D%3D&trackingId=NOQEpsUa%2B0A%2FGLIRp28Nvw%3D%3D,Textron Aviation
Aircraft Painter - Weekends,Embraer,"Melbourne, FL",https://www.linkedin.com/jobs/view/aircraft-painter-weekends-at-embraer-4159662119?position=13&pageNum=0&refId=J6p2s1t5F5Dop%2B0L8nKPCg%3D%3D&trackingId=2LIxjmuP99s%2F134qaRdPmQ%3D%3D,Embraer
Engineer Structures,JetBlue,"New York, NY",https://www.linkedin.com/jobs/view/engineer-structures-at-jetblue-4165617964?position=24&pageNum=0&refId=J6p2s1t5F5Dop%2B0L8nKPCg%3D%3D&trackingId=Dfm0nnENMaLDbX7RZr9Yow%3D%3D,Embraer
"Inspector, Flight Test",Bombardier,"Wichita, KS",https://www.linkedin.com/jobs/view/inspector-flight-test-at-bombardier-4192485082?position=11&pageNum=0&refId=HM%2BwbSAmUEhBesjXBiX0EA%3D%3D&trackingId=XliliEE9gJw1ygHnzWsjLA%3D%3D,Bombardier Aerospace
"Aircraft Painter, Exterior/Finisher",Bombardier,"Windsor Locks, CT",https://www.linkedin.com/jobs/view/aircraft-painter-exterior-finisher-at-bombardier-4189851913?position=20&pageNum=0&refId=HM%2BwbSAmUEhBesjXBiX0EA%3D%3D&trackingId=aYXce%2F86KT5G5k52uw2MWw%3D%3D,Bombardier Aerospace
Design Engineer I,Airbus,"Wichita, KS",https://www.linkedin.com/jobs/view/design-engineer-i-at-airbus-4193429456?position=1&pageNum=0&refId=Y9i6ok2Hx5QU%2Fkl9Y73hXA%3D%3D&trackingId=%2B%2FeEviWojzJkFcKsUmMA%2FQ%3D%3D,Airbus
Flight Attendant,Frontier Airlines,"Tampa, FL",https://www.linkedin.com/jobs/view/flight-attendant-at-frontier-airlines-4054255376?position=45&pageNum=0&refId=Y9i6ok2Hx5QU%2Fkl9Y73hXA%3D%3D&trackingId=HBsjTVJqQyBe9Jr%2BC365Ww%3D%3D,Airbus
Aircraft Mechanic,"Airline Maintenance Service, Inc.","Nashville, TN",https://www.linkedin.com/jobs/view/aircraft-mechanic-at-airline-maintenance-service-inc-4132729344?position=50&pageNum=0&refId=Y9i6ok2Hx5QU%2Fkl9Y73hXA%3D%3D&trackingId=xhn%2BqxFdrV1%2Bk8a3ARUgVQ%3D%3D,Airbus
Aircraft Mechanic,"Airline Maintenance Service, Inc.","Greensboro, NC",https://www.linkedin.com/jobs/view/aircraft-mechanic-at-airline-maintenance-service-inc-4170118890?position=54&pageNum=0&refId=Y9i6ok2Hx5QU%2Fkl9Y73hXA%3D%3D&trackingId=E%2F34ThUGfe%2Fw8MAF03mVqw%3D%3D,Airbus
Aircraft Mechanic,"Airline Maintenance Service, Inc.","Columbia, MO",https://www.linkedin.com/jobs/view/aircraft-mechanic-at-airline-maintenance-service-inc-4170110930?position=9&pageNum=5&refId=D%2FkVKLoenMxGJiSBVqXw1Q%3D%3D&trackingId=EHivoygwT6%2B1O14M9E9SHQ%3D%3D,Airbus
Structural Assembler I,Albany International Corp.,"Salt Lake City, UT",https://www.linkedin.com/jobs/view/structural-assembler-i-at-albany-international-corp-4115307235?position=8&pageNum=12&refId=nTWVgeJXetOPNuDP%2BxgQtA%3D%3D&trackingId=Dp%2Fn7Sv12g0c46SD6Atabg%3D%3D,Airbus
Aircraft Maintenance Professional,Mitsubishi Heavy Industries,"Tucson, AZ",https://www.linkedin.com/jobs/view/aircraft-maintenance-professional-at-mitsubishi-heavy-industries-4186419940?position=17&pageNum=0&refId=J3KXngPUbeXlYhuNm3GELw%3D%3D&trackingId=WomRdqkIk5NkG8QcIb4fXw%3D%3D,Mitsubishi Heavy Industries
Aircraft Maintenance Professional,Mitsubishi Heavy Industries,"Bridgeport, WV",https://www.linkedin.com/jobs/view/aircraft-maintenance-professional-at-mitsubishi-heavy-industries-4186421886?position=20&pageNum=0&refId=J3KXngPUbeXlYhuNm3GELw%3D%3D&trackingId=tBL%2F6c4Typ6sgxojwS9yXA%3D%3D,Mitsubishi Heavy Industries
Aircraft Maintenance Professional,MHI RJ Aviation Group,"Bridgeport, WV",https://www.linkedin.com/jobs/view/aircraft-maintenance-professional-at-mhi-rj-aviation-group-4188717110?position=36&pageNum=0&refId=J3KXngPUbeXlYhuNm3GELw%3D%3D&trackingId=pWC7jJp8Tv0P6DOGuiSYfg%3D%3D,Mitsubishi Heavy Industries
Aircraft Maintenance Professional,MHI RJ Aviation Group,"Tucson, AZ",https://www.linkedin.com/jobs/view/aircraft-maintenance-professional-at-mhi-rj-aviation-group-4186588928?position=37&pageNum=0&refId=J3KXngPUbeXlYhuNm3GELw%3D%3D&trackingId=x6RmuaggB07ms%2Fa0VgPZdw%3D%3D,Mitsubishi Heavy Industries
Fulltime Engineering Graduate,Honeywell,"Kansas City, MO",https://www.linkedin.com/jobs/view/fulltime-engineering-graduate-at-honeywell-4117225918?position=15&pageNum=0&refId=0yOSmMvEosVoGZal1MyV0Q%3D%3D&trackingId=P078a%2F3Tf3C9fH9r2v8Jsw%3D%3D,Honeywell Aerospace
RS Structural Mech I,Gulfstream Aerospace,"Appleton, WI",https://www.linkedin.com/jobs/view/rs-structural-mech-i-at-gulfstream-aerospace-4192232520?position=27&pageNum=0&refId=8v%2FmPgXYBbXBOXtVOzyMIw%3D%3D&trackingId=c5jn8UISQO%2B1%2BnhUSCZnVA%3D%3D,Gulfstream Aerospace
Structural Mechanic I - Special Missions,Gulfstream Aerospace,"Brunswick, GA",https://www.linkedin.com/jobs/view/structural-mechanic-i-special-missions-at-gulfstream-aerospace-4189841939?position=34&pageNum=0&refId=8v%2FmPgXYBbXBOXtVOzyMIw%3D%3D&trackingId=Aj0N5ZA3%2B3rdiPao6igBew%3D%3D,Gulfstream Aerospace
Aircraft Painter 1,Gulfstream Aerospace,"St Louis, MO",https://www.linkedin.com/jobs/view/aircraft-painter-1-at-gulfstream-aerospace-4157917265?position=46&pageNum=0&refId=8v%2FmPgXYBbXBOXtVOzyMIw%3D%3D&trackingId=kzvvs%2F%2BowWxT%2F3yD2cpKbw%3D%3D,Gulfstream Aerospace
Structural Design Engineer,Spirit AeroSystems,"Wichita, KS",https://www.linkedin.com/jobs/view/structural-design-engineer-at-spirit-aerosystems-4142351096?position=1&pageNum=0&refId=4cXDPX%2F88D4RkE79nkSqOg%3D%3D&trackingId=uT6Hlmocd324KFjXm9vDTg%3D%3D,Spirit AeroSystems
Structural Analysis Engineer,Spirit AeroSystems,"Wichita, KS",https://www.linkedin.com/jobs/view/structural-analysis-engineer-at-spirit-aerosystems-4142344830?position=3&pageNum=0&refId=4cXDPX%2F88D4RkE79nkSqOg%3D%3D&trackingId=VtQfSf5TtaIYbZHRRrJJpg%3D%3D,Spirit AeroSystems
Aircraft Painter,Spirit AeroSystems,"Wichita, KS",https://www.linkedin.com/jobs/view/aircraft-painter-at-spirit-aerosystems-4159626544?position=47&pageNum=0&refId=4cXDPX%2F88D4RkE79nkSqOg%3D%3D&trackingId=4tsghNtiAt6JH3LmEdRfDA%3D%3D,Spirit AeroSystems
Associate Sheet Metal Operator,Leonardo DRS,"High Ridge, MO",https://www.linkedin.com/jobs/view/associate-sheet-metal-operator-at-leonardo-drs-4175848863?position=11&pageNum=0&refId=FCHNxs1g%2FsQYWr9PnzrGYw%3D%3D&trackingId=SsI1%2FQdvlxHuSogdc24R%2Fw%3D%3D,Leonardo S.p.A.
Associate Welder,Leonardo DRS,"High Ridge, MO",https://www.linkedin.com/jobs/view/associate-welder-at-leonardo-drs-4192399859?position=13&pageNum=0&refId=FCHNxs1g%2FsQYWr9PnzrGYw%3D%3D&trackingId=suC2tKmeITsx6GPcKzyWGg%3D%3D,Leonardo S.p.A.
ECAD Designer: PCB Parts Librarian,Sierra Nevada Corporation,"Sparks, NV",https://www.linkedin.com/jobs/view/ecad-designer-pcb-parts-librarian-at-sierra-nevada-corporation-4176147205?position=55&pageNum=0&refId=T0WFQrv5n4x%2FFktMr%2FiOjg%3D%3D&trackingId=S%2F3aFsyK0UuZu5sYl%2BwaYQ%3D%3D,Sierra Nevada Corporation (SNC)
Aircraft Electrician 1,"Scaled Composites, LLC","Mojave, CA",https://www.linkedin.com/jobs/view/aircraft-electrician-1-at-scaled-composites-llc-4173415461?position=2&pageNum=0&refId=Kb2o97XwTVBWuWU1j4I1QQ%3D%3D&trackingId=jnf9Fow7nDaRuT8SSWWZCw%3D%3D,Scaled Composites
Propulsion Test/Operations Engineer,Stratolaunch,"Mojave, CA",https://www.linkedin.com/jobs/view/propulsion-test-operations-engineer-at-stratolaunch-4131609179?position=3&pageNum=0&refId=xbXBYZ1TDYWm2Gvesp6IvQ%3D%3D&trackingId=S6myPtC9phiI3%2FCSj4SoqQ%3D%3D,Stratolaunch Systems
Payloads Structural Engineer,Stratolaunch,"Mojave, CA",https://www.linkedin.com/jobs/view/payloads-structural-engineer-at-stratolaunch-4158451084?position=6&pageNum=0&refId=xbXBYZ1TDYWm2Gvesp6IvQ%3D%3D&trackingId=bFDPF3Ed%2FONvEiugsbwLBA%3D%3D,Stratolaunch Systems
"Material Clerk I (H/F) - MAG AEROSPACE INDUSTRIES, LLC",AEROCONTACT,"Carson, CA",https://www.linkedin.com/jobs/view/material-clerk-i-h-f-mag-aerospace-industries-llc-at-aerocontact-4187659484?position=11&pageNum=0&refId=kXsrzkM%2FdbuswsBHt06Hig%3D%3D&trackingId=9xsqycTKRNHuzeRrZwDyTg%3D%3D,MAG Aerospace
Associate Broker,AvSKY Jets,"Venice, FL",https://www.linkedin.com/jobs/view/associate-broker-at-avsky-jets-4188971395?position=6&pageNum=0&refId=IUNWJx2gjDl3iGcgElEwmw%3D%3D&trackingId=9mPhK9gw19jWfOjmKozCnA%3D%3D,Cessna
Aircraft Mechanic,Fargo Jet Center,"Fargo, ND",https://www.linkedin.com/jobs/view/aircraft-mechanic-at-fargo-jet-center-4141163895?position=8&pageNum=0&refId=IUNWJx2gjDl3iGcgElEwmw%3D%3D&trackingId=bxTeqXpzt78HV2YTYMpnmg%3D%3D,Cessna
Aircraft Mechanic / A&P Mechanic - APA Airport,ATP Flight School,"Denver, CO",https://www.linkedin.com/jobs/view/aircraft-mechanic-a-p-mechanic-apa-airport-at-atp-flight-school-4131644198?position=14&pageNum=0&refId=IUNWJx2gjDl3iGcgElEwmw%3D%3D&trackingId=mbwIzBIVPGfYQb%2F1liQWKA%3D%3D,Cessna
Flight Instructor (CFI),Eastern Kentucky University,"Richmond, KY",https://www.linkedin.com/jobs/view/flight-instructor-cfi-at-eastern-kentucky-university-4183459777?position=16&pageNum=0&refId=IUNWJx2gjDl3iGcgElEwmw%3D%3D&trackingId=zShDWZP5EpqDVlFsdwypmA%3D%3D,Cessna
Aircraft Mechanic,Fargo Jet Center,"Eden Prairie, MN",https://www.linkedin.com/jobs/view/aircraft-mechanic-at-fargo-jet-center-4092875327?position=17&pageNum=0&refId=IUNWJx2gjDl3iGcgElEwmw%3D%3D&trackingId=Y93m181Z7JzXAY9wVpwekw%3D%3D,Cessna
FAA Certified Flight Instructor - Airplane,KCTCS,"Madisonville, KY",https://www.linkedin.com/jobs/view/faa-certified-flight-instructor-airplane-at-kctcs-4120244255?position=26&pageNum=0&refId=IUNWJx2gjDl3iGcgElEwmw%3D%3D&trackingId=qoXq%2BEKHPPXwpJHFoZ0q%2FA%3D%3D,Cessna
Part-time Junior Program Analyst,Parsons Corporation,"Centreville, VA",https://www.linkedin.com/jobs/view/part-time-junior-program-analyst-at-parsons-corporation-4143881409?position=2&pageNum=0&refId=6BzSW6UD9iVzCRmWEg%2BEmA%3D%3D&trackingId=uYb1dt20fIpACGeKdbHg3w%3D%3D,Parsons Corporation
Associate Mechanical Engineer,Parsons Corporation,"Pasadena, CA",https://www.linkedin.com/jobs/view/associate-mechanical-engineer-at-parsons-corporation-4176755217?position=11&pageNum=0&refId=6BzSW6UD9iVzCRmWEg%2BEmA%3D%3D&trackingId=2MVmOZRuMM3kA79az%2FRNOg%3D%3D,Parsons Corporation
Associate CADD - Designer/Drafter,Parsons Corporation,"St Louis, MO",https://www.linkedin.com/jobs/view/associate-cadd-designer-drafter-at-parsons-corporation-3861149717?position=22&pageNum=0&refId=6BzSW6UD9iVzCRmWEg%2BEmA%3D%3D&trackingId=pIrzoOnTPAF%2BpSSKoANt4A%3D%3D,Parsons Corporation
Bridge & Structures Engineers,Parsons Corporation,"Centreville, VA",https://www.linkedin.com/jobs/view/bridge-structures-engineers-at-parsons-corporation-3788648451?position=28&pageNum=0&refId=6BzSW6UD9iVzCRmWEg%2BEmA%3D%3D&trackingId=of9fSZtIzkcPN9y0X0UuOQ%3D%3D,Parsons Corporation
CAD Detailer/CAD Designer - Transportation,Parsons Corporation,"Cincinnati, OH",https://www.linkedin.com/jobs/view/cad-detailer-cad-designer-transportation-at-parsons-corporation-4183502780?position=39&pageNum=0&refId=6BzSW6UD9iVzCRmWEg%2BEmA%3D%3D&trackingId=3LTJtCENf2SkoTHAvQYQhQ%3D%3D,Parsons Corporation
Associate (Junior) Highway Engineer,Parsons Corporation,"Chicago, IL",https://www.linkedin.com/jobs/view/associate-junior-highway-engineer-at-parsons-corporation-4137062080?position=48&pageNum=0&refId=6BzSW6UD9iVzCRmWEg%2BEmA%3D%3D&trackingId=jojn4NR7tfZshLf2d24yZA%3D%3D,Parsons Corporation
Associate Roadway Engineer,Parsons Corporation,"Orlando, FL",https://www.linkedin.com/jobs/view/associate-roadway-engineer-at-parsons-corporation-4121515630?position=52&pageNum=0&refId=6BzSW6UD9iVzCRmWEg%2BEmA%3D%3D&trackingId=N0C%2BymYRkR4iRUGWwGmVoQ%3D%3D,Parsons Corporation
CNC Programmer - Early Career,Lockheed Martin,"Stratford, CT",https://www.linkedin.com/jobs/view/cnc-programmer-early-career-at-lockheed-martin-4138540347?position=50&pageNum=0&refId=jGhSuMaXNoDIfvF6wzyq1g%3D%3D&trackingId=fyRJvy4nZh6yxmZiz5UBrQ%3D%3D,Lockheed Martin Skunk Works
"Material Applicator, Aircraft Painter",Lockheed Martin,"Palmdale, CA",https://www.linkedin.com/jobs/view/material-applicator-aircraft-painter-at-lockheed-martin-4162703613?position=7&pageNum=17&refId=tCDHvOWLqUzWFd3FN8mSDA%3D%3D&trackingId=7WXJ8Ck6NBlybqnFF%2Bykzg%3D%3D,Lockheed Martin Skunk Works
Test Engineer Junior,Leidos,"Alexandria, VA",https://www.linkedin.com/jobs/view/test-engineer-junior-at-leidos-4179908179?position=9&pageNum=0&refId=RAZ0FwD4%2BGqaQIzpn4UqCw%3D%3D&trackingId=PmhmUhim0tbEFt8pnujLpQ%3D%3D,Leidos
Junior Intelligence Analyst,Leidos,"Vienna, VA",https://www.linkedin.com/jobs/view/junior-intelligence-analyst-at-leidos-4173866251?position=12&pageNum=0&refId=RAZ0FwD4%2BGqaQIzpn4UqCw%3D%3D&trackingId=OIu4hTRS7uEoTMEuMUCiWQ%3D%3D,Leidos
Linux Systems Administrator - Junior,Leidos,"Clarksburg, WV",https://www.linkedin.com/jobs/view/linux-systems-administrator-junior-at-leidos-4138554750?position=15&pageNum=0&refId=RAZ0FwD4%2BGqaQIzpn4UqCw%3D%3D&trackingId=okisOUfmglJW2w660o3Mxw%3D%3D,Leidos
Systems Engineer Junior,Leidos,"Alexandria, VA",https://www.linkedin.com/jobs/view/systems-engineer-junior-at-leidos-4183208860?position=21&pageNum=0&refId=RAZ0FwD4%2BGqaQIzpn4UqCw%3D%3D&trackingId=eUm0jwPSa%2FQtqLTnF%2FrfYA%3D%3D,Leidos
Engineering Design Drafter,Leidos,"Natick, MA",https://www.linkedin.com/jobs/view/engineering-design-drafter-at-leidos-4143728485?position=24&pageNum=0&refId=RAZ0FwD4%2BGqaQIzpn4UqCw%3D%3D&trackingId=J9P0iD6vascQlqV0oBX1oQ%3D%3D,Leidos
Substation Designer,Leidos,United States,https://www.linkedin.com/jobs/view/substation-designer-at-leidos-4103863156?position=26&pageNum=0&refId=RAZ0FwD4%2BGqaQIzpn4UqCw%3D%3D&trackingId=ChjXhRQSn9%2Fz5%2BnHMIC2rA%3D%3D,Leidos
Junior Autonomy Systems Engineer,Leidos,"Huntsville, AL",https://www.linkedin.com/jobs/view/junior-autonomy-systems-engineer-at-leidos-4191637163?position=39&pageNum=0&refId=RAZ0FwD4%2BGqaQIzpn4UqCw%3D%3D&trackingId=cakyw1Fs65bWDDQplPNjWA%3D%3D,Leidos
Junior Trader,Leidos,"Fresno, CA",https://www.linkedin.com/jobs/view/junior-trader-at-leidos-4169043417?position=46&pageNum=0&refId=RAZ0FwD4%2BGqaQIzpn4UqCw%3D%3D&trackingId=tVAGZwKsLXk0XFw2QuKl2g%3D%3D,Leidos
Junior Linux System Administrator,Leidos,"Annapolis Junction, MD",https://www.linkedin.com/jobs/view/junior-linux-system-administrator-at-leidos-4179981510?position=47&pageNum=0&refId=RAZ0FwD4%2BGqaQIzpn4UqCw%3D%3D&trackingId=I4RwFJAGDT5LizZowgQmkg%3D%3D,Leidos
Cartographic Analyst Junior,Leidos,"Springfield, VA",https://www.linkedin.com/jobs/view/cartographic-analyst-junior-at-leidos-4187111077?position=48&pageNum=0&refId=RAZ0FwD4%2BGqaQIzpn4UqCw%3D%3D&trackingId=1MgPArO9Q6KXUgqaHEVwJA%3D%3D,Leidos
Computer Engineer - Associate,SAIC,"Norfolk, VA",https://www.linkedin.com/jobs/view/computer-engineer-associate-at-saic-4184677197?position=26&pageNum=0&refId=ym2XVIzfTKX8usq%2BRyLnAA%3D%3D&trackingId=vAzdcowaL2cK83Jn%2F2np7w%3D%3D,SAIC (Science Applications International Corporation)
Computer Engineer - Associate,SAIC,"Virginia Beach, VA",https://www.linkedin.com/jobs/view/computer-engineer-associate-at-saic-4184670792?position=30&pageNum=0&refId=ym2XVIzfTKX8usq%2BRyLnAA%3D%3D&trackingId=IBv%2BZbdd1iHSZxVZMvIvKw%3D%3D,SAIC (Science Applications International Corporation)
Logistics Associate,SAIC,"Virginia Beach, VA",https://www.linkedin.com/jobs/view/logistics-associate-at-saic-4184674485?position=31&pageNum=0&refId=ym2XVIzfTKX8usq%2BRyLnAA%3D%3D&trackingId=qPu%2Fi1Y8ouvSZwvhrSvRBQ%3D%3D,SAIC (Science Applications International Corporation)
Aircraft Mechanic Worker,SAIC,"Lemoore, CA",https://www.linkedin.com/jobs/view/aircraft-mechanic-worker-at-saic-4186031831?position=35&pageNum=0&refId=ym2XVIzfTKX8usq%2BRyLnAA%3D%3D&trackingId=F1YOsuiIbojOrsZ0%2B42w%2BQ%3D%3D,SAIC (Science Applications International Corporation)
Aircraft Mechanic Helper,SAIC,"San Diego, CA",https://www.linkedin.com/jobs/view/aircraft-mechanic-helper-at-saic-4186032746?position=37&pageNum=0&refId=ym2XVIzfTKX8usq%2BRyLnAA%3D%3D&trackingId=QRurkbY%2FaIrcMTEK34yKtw%3D%3D,SAIC (Science Applications International Corporation)
Aircraft Mechanic Worker,SAIC,"San Diego, CA",https://www.linkedin.com/jobs/view/aircraft-mechanic-worker-at-saic-4186030928?position=60&pageNum=0&refId=ym2XVIzfTKX8usq%2BRyLnAA%3D%3D&trackingId=dVBGDAVi46WrdLbHJAwBHw%3D%3D,SAIC (Science Applications International Corporation)
Systems Engineer- Associate,SAIC,"Virginia Beach, VA",https://www.linkedin.com/jobs/view/systems-engineer-associate-at-saic-4185594371?position=1&pageNum=7&refId=sCC5%2B2EQiyxN06a9bGBP4A%3D%3D&trackingId=JsS7zGIu966tN4nSPajIOA%3D%3D,SAIC (Science Applications International Corporation)
Logistics Associate,SAIC,"Norfolk, VA",https://www.linkedin.com/jobs/view/logistics-associate-at-saic-4184671661?position=7&pageNum=10&refId=lj%2BNGyoUDKJU%2F954NNI7nA%3D%3D&trackingId=0I2v2frt7CzLN7tZErk60A%3D%3D,SAIC (Science Applications International Corporation)
Program Control Associate,SAIC,"Huntsville, AL",https://www.linkedin.com/jobs/view/program-control-associate-at-saic-4183669085?position=3&pageNum=15&refId=opjIRoOV%2BKXXaDWG2oBCUQ%3D%3D&trackingId=XIPK1QhjZoW7rF2rAP4X5w%3D%3D,SAIC (Science Applications International Corporation)
Systems Integration Associate,SAIC,"Norfolk, VA",https://www.linkedin.com/jobs/view/systems-integration-associate-at-saic-4194737195?position=4&pageNum=15&refId=opjIRoOV%2BKXXaDWG2oBCUQ%3D%3D&trackingId=vYUCuJirfkPNeYlEmv0pNA%3D%3D,SAIC (Science Applications International Corporation)
Program Control Associate,SAIC,"Virginia Beach, VA",https://www.linkedin.com/jobs/view/program-control-associate-at-saic-4194738310?position=7&pageNum=15&refId=opjIRoOV%2BKXXaDWG2oBCUQ%3D%3D&trackingId=EnaPQ6yyA2Yo%2Bsxqi%2BYSiw%3D%3D,SAIC (Science Applications International Corporation)
Infrastructure Systems Engineer,Archer,"Covington, GA",https://www.linkedin.com/jobs/view/infrastructure-systems-engineer-at-archer-4184530856?position=7&pageNum=0&refId=YqJEz9hSq2%2Fy5T8MA0wfMQ%3D%3D&trackingId=9lVGpUk8RJMuGJZJ1mUowQ%3D%3D,Archer Aviation
Tool Designer I,Textron,"Williamsport, PA",https://www.linkedin.com/jobs/view/tool-designer-i-at-textron-4179644623?position=18&pageNum=0&refId=pdTS%2BVDyaxRxqmkCOeZrNQ%3D%3D&trackingId=FI58kyJ6%2FJr84idxUb2uYw%3D%3D,Textron Systems
Associate Network Engineer/Network Engineer - R10190919,Northrop Grumman,"San Diego, CA",https://www.linkedin.com/jobs/view/associate-network-engineer-network-engineer-r10190919-at-northrop-grumman-4194594707?position=56&pageNum=0&refId=6eZBduJK4SJ%2FpXub4fE6vQ%3D%3D&trackingId=yY32OzHc8S8o%2F99mFUo9hw%3D%3D,Northrop Grumman Aerospace Systems
Cyber Systems Engineer - NG Space Systems - R10190560,Northrop Grumman,"Redondo Beach, CA",https://www.linkedin.com/jobs/view/cyber-systems-engineer-ng-space-systems-r10190560-at-northrop-grumman-4194595650?position=4&pageNum=12&refId=twsq5Lb96qbgzmya3C9ogg%3D%3D&trackingId=96s0rUusHojLzX7jxcluTA%3D%3D,Northrop Grumman Aerospace Systems
Scenario Design Enterprise (SDE) Operations Officer - R10189756,Northrop Grumman,"Leavenworth, KS",https://www.linkedin.com/jobs/view/scenario-design-enterprise-sde-operations-officer-r10189756-at-northrop-grumman-4189803550?position=4&pageNum=42&refId=2i46xxj9hComlgNu4PsM9g%3D%3D&trackingId=m6XqL3VzLqdtIkicWoJTTQ%3D%3D,Northrop Grumman Aerospace Systems
Mechanical Design Engineer,Curtiss-Wright Corporation,"Bethlehem, PA",https://www.linkedin.com/jobs/view/mechanical-design-engineer-at-curtiss-wright-corporation-4039083159?position=4&pageNum=0&refId=45Qc%2F8TqFks%2FnV%2BvubZ8Hg%3D%3D&trackingId=Ldl2sPx18tXABeR%2Fof1Stg%3D%3D,Curtiss-Wright
Designer Staff,Curtiss-Wright Corporation,"Bethlehem, PA",https://www.linkedin.com/jobs/view/designer-staff-at-curtiss-wright-corporation-4103737257?position=26&pageNum=0&refId=45Qc%2F8TqFks%2FnV%2BvubZ8Hg%3D%3D&trackingId=9bzIjyHDg7B3dcJ5vLU11Q%3D%3D,Curtiss-Wright
Aircraft Systems Engineer 1,Garmin,"New Century, KS",https://www.linkedin.com/jobs/view/aircraft-systems-engineer-1-at-garmin-4118737457?position=8&pageNum=0&refId=npwuVq5djvtKRWR8tRguOg%3D%3D&trackingId=xT99NrQERwOnItUPe6hbAg%3D%3D,Garmin Aviation
Aircraft Systems Engineer 1 - Systems Safety,Garmin,"Olathe, KS",https://www.linkedin.com/jobs/view/aircraft-systems-engineer-1-systems-safety-at-garmin-4184933905?position=17&pageNum=0&refId=npwuVq5djvtKRWR8tRguOg%3D%3D&trackingId=cnh5QvjOPiGjc1HVkMExVg%3D%3D,Garmin Aviation
Aircraft Electrician,Butler National Corporation,"New Century, KS",https://www.linkedin.com/jobs/view/aircraft-electrician-at-butler-national-corporation-4180434366?position=39&pageNum=0&refId=npwuVq5djvtKRWR8tRguOg%3D%3D&trackingId=JU0PG8tGBNdUWXiWVZSHhQ%3D%3D,Garmin Aviation
Aircraft Mechanic / A&P Mechanic - CXO Airport,ATP Flight School,"Conroe, TX",https://www.linkedin.com/jobs/view/aircraft-mechanic-a-p-mechanic-cxo-airport-at-atp-flight-school-4121908948?position=46&pageNum=0&refId=npwuVq5djvtKRWR8tRguOg%3D%3D&trackingId=b8i%2BfnsSYXyhLFUmAHjqCQ%3D%3D,Garmin Aviation
Aircraft Mechanic / A&P Mechanic - DTO Airport,ATP Flight School,"Denton, TX",https://www.linkedin.com/jobs/view/aircraft-mechanic-a-p-mechanic-dto-airport-at-atp-flight-school-4179559095?position=52&pageNum=0&refId=npwuVq5djvtKRWR8tRguOg%3D%3D&trackingId=voPe1ldTs5%2Bv8bIE59njhA%3D%3D,Garmin Aviation
Design Engineer,Moog Inc.,"Blacksburg, VA",https://www.linkedin.com/jobs/view/design-engineer-at-moog-inc-4193348927?position=1&pageNum=0&refId=l%2BijLzh2y9wm0pjaWZUvgA%3D%3D&trackingId=j6b%2FBkBPSSmU1WpAljVbKg%3D%3D,Moog Inc.
Associate Planning Analyst,Moog Inc.,"Buffalo, NY",https://www.linkedin.com/jobs/view/associate-planning-analyst-at-moog-inc-4192430649?position=12&pageNum=0&refId=l%2BijLzh2y9wm0pjaWZUvgA%3D%3D&trackingId=d6Ngb1N5yu12dW4SO5W0kA%3D%3D,Moog Inc.
Associate QA Engineer,Moog Inc.,"Buffalo, NY",https://www.linkedin.com/jobs/view/associate-qa-engineer-at-moog-inc-4143523868?position=14&pageNum=0&refId=l%2BijLzh2y9wm0pjaWZUvgA%3D%3D&trackingId=IRWtP0yIcuWPoQ0aDixMXQ%3D%3D,Moog Inc.
Associate Systems Engineer,Moog Inc.,"Buffalo, NY",https://www.linkedin.com/jobs/view/associate-systems-engineer-at-moog-inc-4188224710?position=22&pageNum=0&refId=l%2BijLzh2y9wm0pjaWZUvgA%3D%3D&trackingId=XDOpHCNaGCb1bE7qkEYNTA%3D%3D,Moog Inc.
Product Designer,Young & Franklin Tactair,"Liverpool, NY",https://www.linkedin.com/jobs/view/product-designer-at-young-franklin-tactair-4158582757?position=1&pageNum=0&refId=SWHWIejMdXJPkAg1oLZ%2FqA%3D%3D&trackingId=r53icBWVVCbae6FnbTal8g%3D%3D,TransDigm Group
Associate Metallurgist - Technology,Carpenter Technology Corporation,"Latrobe, PA",https://www.linkedin.com/jobs/view/associate-metallurgist-technology-at-carpenter-technology-corporation-4170323009?position=15&pageNum=0&refId=oI%2F2X5LZOZIsmOOetQ9u8Q%3D%3D&trackingId=aRq7RSH%2BC5kb2uwP4rbgJQ%3D%3D,Carpenter Technology Corporation
Shipping & Assembly Associate,Ducommun Incorporated,"Warren, RI",https://www.linkedin.com/jobs/view/shipping-assembly-associate-at-ducommun-incorporated-4137788614?position=50&pageNum=0&refId=7unmPws5qRoJmFka%2FWcpVw%3D%3D&trackingId=jj1i7Le%2FMqZxGimeDd7Ozg%3D%3D,Ducommun Incorporated
Die Designer,ATI,"Cudahy, WI",https://www.linkedin.com/jobs/view/die-designer-at-ati-4177776783?position=12&pageNum=0&refId=WmDPZbwRWP80KcNNm1v0vA%3D%3D&trackingId=rt387Fv5vdStBaUCCKMExA%3D%3D,ATI (Allegheny Technologies Incorporated)
Instrumentation Associate,ATI,"Monroe, NC",https://www.linkedin.com/jobs/view/instrumentation-associate-at-ati-4151482189?position=17&pageNum=0&refId=WmDPZbwRWP80KcNNm1v0vA%3D%3D&trackingId=wi38tsYzzAZnhx6EbdIk8g%3D%3D,ATI (Allegheny Technologies Incorporated)
Electronics Associate,ATI,"Monroe, NC",https://www.linkedin.com/jobs/view/electronics-associate-at-ati-4132537457?position=22&pageNum=0&refId=WmDPZbwRWP80KcNNm1v0vA%3D%3D&trackingId=f%2B%2FDS%2Bt%2FCA3y3YPHu7qFFQ%3D%3D,ATI (Allegheny Technologies Incorporated)
Maintenance Associate,ATI,"Richburg, SC",https://www.linkedin.com/jobs/view/maintenance-associate-at-ati-4132540407?position=4&pageNum=7&refId=Q2%2FaNK1%2FEHOgJ3dAilvxqw%3D%3D&trackingId=aFa9HPeovMM8xB6JYr1mQg%3D%3D,ATI (Allegheny Technologies Incorporated)
Maintenance Associate - Remelt,ATI,"Monroe, NC",https://www.linkedin.com/jobs/view/maintenance-associate-remelt-at-ati-4168613855?position=10&pageNum=7&refId=Q2%2FaNK1%2FEHOgJ3dAilvxqw%3D%3D&trackingId=GL5E%2BzW5IPhjQjvH%2Ftw4YA%3D%3D,ATI (Allegheny Technologies Incorporated)
Aircraft A&P Mechanic - Line Maintenance,AAR,"Oklahoma City, OK",https://www.linkedin.com/jobs/view/aircraft-a-p-mechanic-line-maintenance-at-aar-4183961404?position=49&pageNum=0&refId=J6JJSlEWlIUEkUdOxj2E0g%3D%3D&trackingId=2HFAHz1p2W%2FCAuvnkGfmGg%3D%3D,AAR Corporation
Aerospace Engineer,Piasecki Aircraft Corporation,"Coatesville, PA",https://www.linkedin.com/jobs/view/aerospace-engineer-at-piasecki-aircraft-corporation-4167307962?position=1&pageNum=0&refId=aX3bfuiN7J3N8EcSBLioEg%3D%3D&trackingId=1eDs80er27Tdi3jrmNHT8w%3D%3D,Piasecki Aircraft
Structures Engineer,Aurora Flight Sciences,"Cambridge, MA",https://www.linkedin.com/jobs/view/structures-engineer-at-aurora-flight-sciences-4177775211?position=2&pageNum=0&refId=Zyj4UkiryC8OeIMgLefh8g%3D%3D&trackingId=b8vFheYEgsLejfof57mVQw%3D%3D,Aurora Flight Sciences
Social Media Associate,Textron,"Fort Worth, TX",https://www.linkedin.com/jobs/view/social-media-associate-at-textron-4191121787?position=1&pageNum=0&refId=xvLjEX65N2dOAgoVO%2B4T9w%3D%3D&trackingId=joMVT%2FISk1l4EJMN2nhzyA%3D%3D,Bell Textron
Flight Control Systems Engineer,Textron,"Fort Worth, TX",https://www.linkedin.com/jobs/view/flight-control-systems-engineer-at-textron-4165603673?position=21&pageNum=0&refId=xvLjEX65N2dOAgoVO%2B4T9w%3D%3D&trackingId=5kYqkSP4eni9WOuQsLbapw%3D%3D,Bell Textron
Associate Contracts Administrator,Textron,"Fort Worth, TX",https://www.linkedin.com/jobs/view/associate-contracts-administrator-at-textron-4183451653?position=25&pageNum=0&refId=xvLjEX65N2dOAgoVO%2B4T9w%3D%3D&trackingId=9y3hiZHzUjVPxqQK1cvo8Q%3D%3D,Bell Textron
Associate Field Engineer,Electric Power Systems,"Glen Allen, VA",https://www.linkedin.com/jobs/view/associate-field-engineer-at-electric-power-systems-4192451351?position=16&pageNum=0&refId=JEiKOygmhs09tDgBHEjeKQ%3D%3D&trackingId=Bt0dn4wNgF4htbjhcM%2F7Xg%3D%3D,Electric Power Systems (EPS)
Mechanical Design Engineer,US Cargo Systems,"Goldsboro, NC",https://www.linkedin.com/jobs/view/mechanical-design-engineer-at-us-cargo-systems-4179457368?position=8&pageNum=0&refId=VzfGarkWQfJnvMMKuhReww%3D%3D&trackingId=ymfx9UgMclj03JQT7ZUiqA%3D%3D,Heart Aerospace
Associate Aerospace Engineer,"KBR, Inc.","Huntsville, AL",https://www.linkedin.com/jobs/view/associate-aerospace-engineer-at-kbr-inc-4153153298?position=19&pageNum=0&refId=VzfGarkWQfJnvMMKuhReww%3D%3D&trackingId=6tteJI11ErxtyMmPZ18SIg%3D%3D,Heart Aerospace
Aerospace Engineering Lecturer Pool,San JosÃ© State University,"San Jose, CA",https://www.linkedin.com/jobs/view/aerospace-engineering-lecturer-pool-at-san-jos%C3%A9-state-university-4158336558?position=22&pageNum=0&refId=VzfGarkWQfJnvMMKuhReww%3D%3D&trackingId=30LJUjuklC0mCCUyjrCJPg%3D%3D,Heart Aerospace
Assistant Professor - Aerospace Engineering,San JosÃ© State University,"San Jose, CA",https://www.linkedin.com/jobs/view/assistant-professor-aerospace-engineering-at-san-jos%C3%A9-state-university-4158330996?position=25&pageNum=0&refId=VzfGarkWQfJnvMMKuhReww%3D%3D&trackingId=0LGhpMeh6Id%2F7xv%2FqAbw9A%3D%3D,Heart Aerospace
Assistant Professor - Wind Impacts on Structures,Excel Campus Activities,"Arlington, TX",https://www.linkedin.com/jobs/view/assistant-professor-wind-impacts-on-structures-at-excel-campus-activities-4174895776?position=26&pageNum=0&refId=VzfGarkWQfJnvMMKuhReww%3D%3D&trackingId=Tmc7ewHNwafpn1x15Agu1A%3D%3D,Heart Aerospace
Physician Assistant - Aerospace Medicine,Mayo Clinic,"Scottsdale, AZ",https://www.linkedin.com/jobs/view/physician-assistant-aerospace-medicine-at-mayo-clinic-4193515858?position=28&pageNum=0&refId=VzfGarkWQfJnvMMKuhReww%3D%3D&trackingId=%2FufEY2FTcvUaBuhPLP5N9w%3D%3D,Heart Aerospace
Assistant Professor - Mechanics of Sustainable & Resilient Materials & Structures,Excel Campus Activities,"Arlington, TX",https://www.linkedin.com/jobs/view/assistant-professor-mechanics-of-sustainable-resilient-materials-structures-at-excel-campus-activities-4146738613?position=41&pageNum=0&refId=VzfGarkWQfJnvMMKuhReww%3D%3D&trackingId=F0m2k9%2Bx1zZuscgvRUVlYA%3D%3D,Heart Aerospace
Physician Assistant - Aerospace Medicine,Mayo Clinic Healthcare,"Scottsdale, AZ",https://www.linkedin.com/jobs/view/physician-assistant-aerospace-medicine-at-mayo-clinic-healthcare-4190353667?position=50&pageNum=0&refId=VzfGarkWQfJnvMMKuhReww%3D%3D&trackingId=0CkFFsXS32R0TZE%2FhCcKPQ%3D%3D,Heart Aerospace
Associate Metallurgist,SKF Group,"Falconer, NY",https://www.linkedin.com/jobs/view/associate-metallurgist-at-skf-group-4195538319?position=56&pageNum=0&refId=VzfGarkWQfJnvMMKuhReww%3D%3D&trackingId=1nXPvNRLb4n%2BHc310N0A7Q%3D%3D,Heart Aerospace
Warehouse Associate,Incora,"Roseville, CA",https://www.linkedin.com/jobs/view/warehouse-associate-at-incora-3967142401?position=4&pageNum=35&refId=nH%2BNNuuKOy9rl6aXZjH%2FPg%3D%3D&trackingId=RA97llLsxFSyV9iHdKOIEQ%3D%3D,Heart Aerospace
Warehouse Associate I,Incora,"Northlake, IL",https://www.linkedin.com/jobs/view/warehouse-associate-i-at-incora-4189541432?position=7&pageNum=35&refId=nH%2BNNuuKOy9rl6aXZjH%2FPg%3D%3D&trackingId=wa25KbcLhMxOwpNyXkrZuQ%3D%3D,Heart Aerospace
